-- phpMyAdmin SQL Dump
-- version 5.0.1
-- https://www.phpmyadmin.net/
--
-- Host: 127.0.0.1
-- Generation Time: May 20, 2025 at 03:04 PM
-- Server version: 8.0.36
-- PHP Version: 7.4.1

SET SQL_MODE = "NO_AUTO_VALUE_ON_ZERO";
SET AUTOCOMMIT = 0;
START TRANSACTION;
SET time_zone = "+00:00";


/*!40101 SET @OLD_CHARACTER_SET_CLIENT=@@CHARACTER_SET_CLIENT */;
/*!40101 SET @OLD_CHARACTER_SET_RESULTS=@@CHARACTER_SET_RESULTS */;
/*!40101 SET @OLD_COLLATION_CONNECTION=@@COLLATION_CONNECTION */;
/*!40101 SET NAMES utf8mb4 */;

--
-- Database: `asia_db`
--

-- --------------------------------------------------------

--
-- Table structure for table `tb_participation`
--

CREATE TABLE `tb_participation` (
  `participation_id` int NOT NULL,
  `policy_research_count` int DEFAULT NULL,
  `campus` varchar(50) DEFAULT NULL,
  `total_points` decimal(5,2) DEFAULT NULL,
  `created_at` timestamp NULL DEFAULT NULL,
  `created_year` year DEFAULT NULL,
  `sdg_ID` int DEFAULT NULL
) ENGINE=InnoDB DEFAULT CHARSET=utf8mb4 COLLATE=utf8mb4_0900_ai_ci;

--
-- Dumping data for table `tb_participation`
--

INSERT INTO `tb_participation` (`participation_id`, `policy_research_count`, `campus`, `total_points`, `created_at`, `created_year`, `sdg_ID`) VALUES
(1, 3, 'Malvar', '91.17', '2018-06-04 07:38:14', 2018, 11),
(2, 9, 'Lipa', '11.01', '2020-11-21 14:02:47', 2020, 8),
(3, 2, 'Lipa', '18.33', '2022-06-26 20:54:32', 2022, 14),
(4, 8, 'Pablo Borbon', '10.65', '2023-08-08 15:31:02', 2023, 12),
(5, 4, 'Lipa', '68.86', '2024-11-06 18:10:34', 2024, 15),
(6, 9, 'Lipa', '85.37', '2020-05-17 05:58:43', 2020, 12),
(7, 3, 'Alangilan', '70.66', '2019-07-03 07:12:55', 2019, 14),
(8, 3, 'Lemery', '17.93', '2023-05-26 11:48:10', 2023, 13),
(9, 10, 'Lipa', '55.26', '2022-03-06 01:41:57', 2022, 3),
(10, 1, 'Malvar', '63.30', '2019-11-16 07:21:08', 2019, 11),
(11, 7, 'Nasugbu', '10.65', '2023-03-29 09:39:25', 2023, 2),
(12, 8, 'Lemery', '32.11', '2024-07-22 20:01:35', 2024, 1),
(13, 3, 'Malvar', '50.20', '2024-11-07 17:52:01', 2024, 5),
(14, 5, 'Pablo Borbon', '80.41', '2023-07-14 12:04:38', 2023, 15),
(15, 10, 'Lipa', '13.16', '2024-12-14 11:00:03', 2024, 4),
(16, 5, 'Lipa', '12.35', '2019-02-14 18:12:36', 2019, 12),
(17, 9, 'Lipa', '57.74', '2021-01-22 02:59:45', 2021, 14),
(18, 8, 'Nasugbu', '87.69', '2019-06-06 18:14:00', 2019, 5),
(19, 7, 'Lipa', '74.82', '2020-02-17 14:12:51', 2020, 2),
(20, 4, 'Nasugbu', '34.62', '2018-02-05 08:05:00', 2018, 11),
(21, 7, 'Lemery', '34.50', '2019-10-12 01:40:47', 2019, 2),
(22, 8, 'Lemery', '10.69', '2024-02-21 10:50:01', 2024, 15),
(23, 10, 'Lipa', '59.52', '2020-07-17 03:39:54', 2020, 6),
(24, 5, 'Nasugbu', '78.25', '2018-04-04 16:01:47', 2018, 5),
(25, 6, 'Rosario', '33.33', '2019-06-02 03:24:04', 2019, 13),
(26, 1, 'Pablo Borbon', '14.45', '2020-12-26 06:47:24', 2020, 14),
(27, 1, 'Malvar', '42.39', '2018-06-27 03:14:50', 2018, 7),
(28, 7, 'Malvar', '15.12', '2024-12-26 01:44:37', 2024, 2),
(29, 6, 'Alangilan', '34.97', '2020-11-13 08:04:42', 2020, 17),
(30, 8, 'Alangilan', '47.28', '2019-10-12 04:13:29', 2019, 1),
(31, 10, 'Malvar', '51.32', '2022-10-16 13:08:13', 2022, 6),
(32, 4, 'Rosario', '86.13', '2022-10-29 14:58:39', 2022, 2),
(33, 4, 'Malvar', '10.07', '2022-10-20 17:52:36', 2022, 3),
(34, 7, 'Lipa', '49.17', '2021-03-27 01:53:56', 2021, 5),
(35, 10, 'Pablo Borbon', '79.90', '2020-09-30 10:34:00', 2020, 3),
(36, 10, 'Nasugbu', '53.22', '2019-08-19 02:37:28', 2019, 11),
(37, 4, 'Malvar', '12.27', '2024-01-15 21:48:02', 2024, 6),
(38, 5, 'Rosario', '26.52', '2018-01-04 11:02:34', 2018, 13),
(39, 6, 'Pablo Borbon', '17.47', '2021-12-23 12:55:43', 2021, 16),
(40, 8, 'Rosario', '44.83', '2024-11-24 18:46:55', 2024, 1),
(41, 5, 'Pablo Borbon', '31.31', '2018-05-26 00:23:36', 2018, 8),
(42, 9, 'Lemery', '29.00', '2020-03-10 05:43:18', 2020, 7),
(43, 1, 'Lemery', '41.16', '2019-01-06 15:06:12', 2019, 1),
(44, 3, 'Lemery', '28.75', '2023-03-29 03:02:40', 2023, 2),
(45, 8, 'Pablo Borbon', '67.05', '2023-01-18 07:16:29', 2023, 13),
(46, 1, 'Pablo Borbon', '40.16', '2023-08-13 06:52:11', 2023, 13),
(47, 4, 'Malvar', '73.20', '2020-04-08 05:59:05', 2020, 7),
(48, 6, 'Lipa', '20.34', '2020-10-03 20:24:48', 2020, 7),
(49, 5, 'Pablo Borbon', '43.01', '2023-06-01 03:53:37', 2023, 16),
(50, 3, 'Pablo Borbon', '58.64', '2019-06-30 12:51:34', 2019, 14),
(51, 2, 'Alangilan', '33.91', '2019-02-21 00:04:42', 2019, 10),
(52, 1, 'Lipa', '37.23', '2023-06-08 04:10:13', 2023, 15),
(53, 4, 'Malvar', '36.24', '2021-01-07 06:20:59', 2021, 10),
(54, 6, 'Malvar', '99.60', '2018-04-08 12:30:03', 2018, 3),
(55, 7, 'Rosario', '64.45', '2019-06-11 01:50:37', 2019, 1),
(56, 2, 'Nasugbu', '95.81', '2024-07-20 14:29:44', 2024, 15),
(57, 1, 'Lipa', '74.67', '2021-08-06 18:16:38', 2021, 2),
(58, 10, 'Lipa', '12.49', '2024-10-22 19:15:31', 2024, 6),
(59, 10, 'Lipa', '84.56', '2023-05-12 18:26:12', 2023, 10),
(60, 4, 'Nasugbu', '72.36', '2022-01-04 08:36:20', 2022, 10),
(61, 4, 'Pablo Borbon', '18.50', '2018-09-28 22:25:41', 2018, 1),
(62, 2, 'Rosario', '84.46', '2021-02-24 18:33:09', 2021, 7),
(63, 10, 'Lemery', '94.64', '2019-01-22 17:28:23', 2019, 6),
(64, 9, 'Malvar', '30.72', '2021-07-30 21:14:10', 2021, 13),
(65, 2, 'Alangilan', '61.89', '2023-09-27 00:23:18', 2023, 6),
(66, 10, 'Pablo Borbon', '55.78', '2019-06-21 03:57:07', 2019, 10),
(67, 10, 'Lipa', '13.86', '2022-08-22 09:02:24', 2022, 16),
(68, 2, 'Rosario', '55.25', '2021-10-16 16:04:02', 2021, 12),
(69, 3, 'Pablo Borbon', '66.96', '2021-07-14 15:27:33', 2021, 17),
(70, 3, 'Lipa', '36.97', '2024-03-19 04:13:19', 2024, 16),
(71, 4, 'Malvar', '34.20', '2024-11-09 16:08:44', 2024, 2),
(72, 3, 'Lemery', '88.83', '2018-11-25 04:42:13', 2018, 15),
(73, 3, 'Rosario', '72.78', '2024-11-10 00:23:25', 2024, 9),
(74, 2, 'Lipa', '38.37', '2019-11-04 08:37:39', 2019, 17),
(75, 10, 'Pablo Borbon', '27.00', '2019-06-24 08:12:26', 2019, 16),
(76, 8, 'Lemery', '77.90', '2022-02-04 17:10:25', 2022, 16),
(77, 4, 'Lipa', '94.47', '2019-08-08 07:08:46', 2019, 15),
(78, 1, 'Lipa', '38.04', '2020-12-01 19:00:14', 2020, 6),
(79, 7, 'Rosario', '62.20', '2018-06-16 09:35:19', 2018, 9),
(80, 5, 'Lipa', '80.06', '2024-02-11 20:18:34', 2024, 12),
(81, 2, 'Lipa', '16.99', '2024-04-06 21:53:39', 2024, 17),
(82, 2, 'Nasugbu', '95.47', '2022-09-21 08:41:53', 2022, 10),
(83, 9, 'Rosario', '66.17', '2024-08-10 13:11:44', 2024, 2),
(84, 1, 'Lipa', '66.41', '2018-07-25 20:59:13', 2018, 17),
(85, 5, 'Rosario', '71.17', '2019-01-02 22:49:59', 2019, 13),
(86, 9, 'Rosario', '37.17', '2023-12-20 07:24:27', 2023, 5),
(87, 10, 'Pablo Borbon', '59.70', '2020-01-02 10:03:57', 2020, 13),
(88, 3, 'Alangilan', '87.23', '2020-11-25 15:59:47', 2020, 14),
(89, 7, 'Pablo Borbon', '82.87', '2020-06-27 03:58:35', 2020, 10),
(90, 7, 'Rosario', '28.03', '2022-07-19 06:15:55', 2022, 5),
(91, 8, 'Lemery', '23.94', '2018-02-08 06:38:00', 2018, 11),
(92, 8, 'Malvar', '67.91', '2020-01-28 12:34:40', 2020, 6),
(93, 3, 'Pablo Borbon', '49.45', '2021-07-05 05:18:37', 2021, 5),
(94, 9, 'Pablo Borbon', '33.92', '2018-04-21 21:58:15', 2018, 2),
(95, 7, 'Lemery', '93.81', '2022-08-30 10:54:20', 2022, 9),
(96, 5, 'Nasugbu', '98.27', '2019-03-24 11:47:59', 2019, 12),
(97, 7, 'Lipa', '16.36', '2023-05-01 05:00:11', 2023, 7),
(98, 6, 'Malvar', '97.93', '2019-08-25 13:09:06', 2019, 4),
(99, 6, 'Rosario', '91.33', '2019-01-13 03:28:21', 2019, 15),
(100, 1, 'Pablo Borbon', '80.05', '2019-03-07 20:34:28', 2019, 1),
(101, 4, 'Lemery', '77.37', '2024-06-08 14:07:07', 2024, 15),
(102, 5, 'Alangilan', '98.89', '2024-12-24 00:27:55', 2024, 14),
(103, 8, 'Pablo Borbon', '67.39', '2018-12-08 08:20:14', 2018, 15),
(104, 5, 'Lipa', '57.31', '2018-02-05 03:18:49', 2018, 8),
(105, 5, 'Malvar', '97.42', '2021-05-09 09:58:52', 2021, 2),
(106, 6, 'Rosario', '70.10', '2023-12-13 17:04:23', 2023, 2),
(107, 1, 'Pablo Borbon', '34.56', '2022-04-25 02:08:02', 2022, 17),
(108, 9, 'Malvar', '70.64', '2022-09-07 03:54:18', 2022, 10),
(109, 7, 'Pablo Borbon', '49.18', '2022-04-12 11:17:08', 2022, 3),
(110, 7, 'Rosario', '27.70', '2023-03-20 22:12:03', 2023, 9),
(111, 4, 'Lemery', '74.42', '2023-04-03 00:50:27', 2023, 14),
(112, 3, 'Alangilan', '51.42', '2020-12-29 10:34:41', 2020, 13),
(113, 7, 'Lemery', '93.24', '2022-01-08 20:35:30', 2022, 8),
(114, 9, 'Malvar', '89.02', '2024-10-23 21:08:26', 2024, 7),
(115, 6, 'Nasugbu', '13.43', '2023-12-23 07:26:43', 2023, 14),
(116, 5, 'Lemery', '99.20', '2020-03-04 23:18:40', 2020, 15),
(117, 4, 'Nasugbu', '64.19', '2024-11-27 10:48:18', 2024, 11),
(118, 4, 'Pablo Borbon', '93.77', '2019-03-08 05:04:10', 2019, 14),
(119, 1, 'Rosario', '19.72', '2019-05-15 19:17:24', 2019, 15),
(120, 2, 'Nasugbu', '53.66', '2019-06-12 22:15:04', 2019, 5),
(121, 10, 'Pablo Borbon', '36.92', '2022-04-10 14:28:57', 2022, 2),
(122, 4, 'Pablo Borbon', '77.62', '2023-06-05 03:25:14', 2023, 17),
(123, 1, 'Lemery', '24.66', '2020-10-07 09:47:59', 2020, 11),
(124, 3, 'Lemery', '48.61', '2021-11-29 01:12:52', 2021, 14),
(125, 8, 'Lemery', '47.67', '2018-11-19 04:09:10', 2018, 3),
(126, 7, 'Nasugbu', '53.07', '2024-10-15 19:29:29', 2024, 9),
(127, 2, 'Lipa', '47.98', '2023-10-17 15:13:18', 2023, 5),
(128, 2, 'Rosario', '89.98', '2024-11-16 23:52:32', 2024, 10),
(129, 6, 'Pablo Borbon', '86.68', '2024-09-25 11:30:09', 2024, 1),
(130, 6, 'Rosario', '89.30', '2020-12-10 00:48:01', 2020, 9),
(131, 7, 'Nasugbu', '68.43', '2024-11-15 13:42:58', 2024, 6),
(132, 1, 'Alangilan', '46.73', '2024-10-17 14:17:40', 2024, 9),
(133, 10, 'Malvar', '19.66', '2020-10-04 03:32:19', 2020, 17),
(134, 7, 'Rosario', '94.03', '2018-06-29 09:54:02', 2018, 17),
(135, 4, 'Alangilan', '45.65', '2020-06-10 22:36:10', 2020, 3),
(136, 1, 'Pablo Borbon', '75.30', '2018-10-29 06:54:00', 2018, 4),
(137, 2, 'Pablo Borbon', '83.24', '2024-02-03 07:13:20', 2024, 3),
(138, 1, 'Lipa', '15.87', '2018-10-15 04:17:29', 2018, 16),
(139, 2, 'Lipa', '99.04', '2024-01-17 20:04:07', 2024, 1),
(140, 1, 'Lipa', '63.86', '2018-07-21 18:11:11', 2018, 8),
(141, 8, 'Lemery', '79.47', '2020-05-30 11:30:37', 2020, 7),
(142, 6, 'Rosario', '30.42', '2022-12-19 04:22:28', 2022, 15),
(143, 5, 'Malvar', '63.83', '2021-03-08 14:55:04', 2021, 13),
(144, 5, 'Pablo Borbon', '21.60', '2019-01-15 09:16:33', 2019, 8),
(145, 4, 'Nasugbu', '97.90', '2024-08-02 08:10:00', 2024, 8),
(146, 8, 'Nasugbu', '85.37', '2023-03-11 18:35:34', 2023, 14),
(147, 2, 'Pablo Borbon', '26.36', '2019-05-15 22:03:19', 2019, 5),
(148, 6, 'Pablo Borbon', '45.08', '2019-06-03 15:43:10', 2019, 17),
(149, 8, 'Alangilan', '69.59', '2022-01-03 20:27:22', 2022, 2),
(150, 8, 'Lemery', '30.85', '2024-09-21 11:09:22', 2024, 15),
(151, 3, 'Lipa', '21.65', '2019-09-23 01:15:21', 2019, 6),
(152, 9, 'Lemery', '62.16', '2021-11-13 13:11:21', 2021, 11),
(153, 8, 'Nasugbu', '40.68', '2023-01-19 03:22:26', 2023, 3),
(154, 8, 'Rosario', '20.09', '2021-07-09 19:35:44', 2021, 11),
(155, 6, 'Malvar', '48.43', '2018-01-20 13:46:06', 2018, 4),
(156, 5, 'Pablo Borbon', '22.05', '2018-11-12 22:04:42', 2018, 16),
(157, 5, 'Lemery', '39.93', '2020-04-07 10:04:02', 2020, 11),
(158, 1, 'Alangilan', '67.38', '2024-10-13 18:03:39', 2024, 1),
(159, 7, 'Rosario', '99.24', '2020-11-16 14:44:26', 2020, 12),
(160, 8, 'Lemery', '97.35', '2024-05-28 23:07:41', 2024, 15),
(161, 2, 'Lipa', '58.31', '2019-04-25 20:02:35', 2019, 12),
(162, 1, 'Rosario', '57.47', '2024-12-01 00:16:12', 2024, 10),
(163, 2, 'Nasugbu', '45.09', '2019-09-27 01:57:59', 2019, 8),
(164, 3, 'Lipa', '71.05', '2018-07-24 17:38:21', 2018, 16),
(165, 7, 'Alangilan', '63.12', '2023-11-20 06:56:39', 2023, 16),
(166, 1, 'Lemery', '35.80', '2021-05-11 08:34:54', 2021, 1),
(167, 6, 'Malvar', '82.66', '2024-04-10 00:04:43', 2024, 7),
(168, 6, 'Lipa', '90.92', '2021-06-03 13:27:20', 2021, 7),
(169, 9, 'Lipa', '93.71', '2019-01-30 04:06:26', 2019, 8),
(170, 4, 'Nasugbu', '48.75', '2020-12-07 23:15:20', 2020, 13),
(171, 7, 'Pablo Borbon', '19.61', '2021-11-30 03:31:42', 2021, 17),
(172, 1, 'Malvar', '58.27', '2019-11-07 16:13:08', 2019, 12),
(173, 4, 'Rosario', '84.05', '2019-11-30 02:01:26', 2019, 12),
(174, 1, 'Lipa', '47.07', '2024-03-20 00:57:55', 2024, 11),
(175, 8, 'Lipa', '53.01', '2018-07-22 10:29:08', 2018, 1),
(176, 3, 'Lemery', '44.03', '2020-12-13 15:07:11', 2020, 3),
(177, 5, 'Nasugbu', '20.48', '2023-11-13 11:28:39', 2023, 17),
(178, 3, 'Malvar', '36.62', '2021-01-20 22:26:13', 2021, 8),
(179, 1, 'Lipa', '92.67', '2018-06-17 23:45:58', 2018, 9),
(180, 7, 'Malvar', '27.07', '2024-08-07 06:48:16', 2024, 2),
(181, 3, 'Pablo Borbon', '74.99', '2021-10-07 00:24:10', 2021, 2),
(182, 1, 'Pablo Borbon', '64.93', '2021-03-14 14:43:42', 2021, 15),
(183, 9, 'Alangilan', '33.46', '2018-11-04 01:11:57', 2018, 10),
(184, 6, 'Alangilan', '77.00', '2024-10-26 06:26:32', 2024, 9),
(185, 2, 'Rosario', '57.87', '2023-10-28 11:07:23', 2023, 2),
(186, 4, 'Alangilan', '29.19', '2023-05-02 16:14:29', 2023, 4),
(187, 6, 'Alangilan', '83.99', '2024-10-30 16:44:10', 2024, 6),
(188, 7, 'Alangilan', '29.26', '2023-02-03 05:55:19', 2023, 14),
(189, 3, 'Alangilan', '32.76', '2023-07-24 12:22:52', 2023, 11),
(190, 5, 'Lipa', '12.02', '2023-03-06 12:01:11', 2023, 9),
(191, 7, 'Pablo Borbon', '49.80', '2024-02-17 08:28:41', 2024, 2),
(192, 9, 'Lipa', '30.59', '2020-11-01 17:42:51', 2020, 7),
(193, 6, 'Rosario', '98.91', '2018-08-16 07:50:05', 2018, 4),
(194, 1, 'Malvar', '25.56', '2018-10-09 10:41:28', 2018, 12),
(195, 5, 'Alangilan', '35.75', '2023-02-01 22:48:00', 2023, 1),
(196, 2, 'Lemery', '47.59', '2024-10-19 14:41:45', 2024, 3),
(197, 4, 'Malvar', '64.50', '2023-07-02 08:48:30', 2023, 10),
(198, 5, 'Pablo Borbon', '95.83', '2019-04-11 03:25:11', 2019, 11),
(199, 6, 'Pablo Borbon', '30.33', '2020-07-26 09:35:33', 2020, 16),
(200, 9, 'Nasugbu', '47.64', '2023-03-02 12:59:15', 2023, 11),
(201, 7, 'Lemery', '81.70', '2020-07-08 22:49:24', 2020, 8),
(202, 1, 'Lemery', '84.58', '2024-01-15 02:38:31', 2024, 13),
(203, 2, 'Rosario', '16.41', '2019-11-27 07:52:07', 2019, 9),
(204, 7, 'Nasugbu', '71.53', '2019-04-27 17:37:44', 2019, 11),
(205, 2, 'Lemery', '61.22', '2022-05-30 23:08:50', 2022, 2),
(206, 2, 'Nasugbu', '49.31', '2021-05-12 03:38:43', 2021, 8),
(207, 8, 'Lipa', '73.50', '2020-08-26 04:08:11', 2020, 2),
(208, 3, 'Pablo Borbon', '79.45', '2024-03-10 07:20:52', 2024, 8),
(209, 8, 'Alangilan', '22.45', '2022-07-01 10:29:10', 2022, 10),
(210, 1, 'Rosario', '85.22', '2021-05-12 23:00:16', 2021, 13),
(211, 10, 'Nasugbu', '58.12', '2021-09-21 09:29:14', 2021, 15),
(212, 1, 'Alangilan', '86.78', '2021-07-02 09:13:42', 2021, 11),
(213, 3, 'Lipa', '79.05', '2019-11-11 05:53:49', 2019, 16),
(214, 8, 'Lemery', '24.05', '2020-05-09 10:37:01', 2020, 3),
(215, 9, 'Pablo Borbon', '43.22', '2018-08-15 14:26:42', 2018, 15),
(216, 9, 'Alangilan', '56.06', '2023-04-25 08:00:30', 2023, 12),
(217, 2, 'Lipa', '71.57', '2022-09-10 01:32:34', 2022, 16),
(218, 5, 'Lipa', '49.16', '2022-06-23 11:46:26', 2022, 3),
(219, 1, 'Lipa', '80.66', '2018-03-14 06:55:33', 2018, 1),
(220, 8, 'Nasugbu', '64.90', '2019-05-12 15:59:51', 2019, 15),
(221, 4, 'Nasugbu', '44.24', '2019-01-16 23:18:19', 2019, 7),
(222, 8, 'Rosario', '61.86', '2024-08-11 20:09:19', 2024, 10),
(223, 1, 'Alangilan', '24.45', '2023-10-01 12:35:50', 2023, 9),
(224, 8, 'Lemery', '63.90', '2023-04-23 09:53:31', 2023, 15),
(225, 3, 'Malvar', '21.72', '2022-04-14 20:54:10', 2022, 13),
(226, 5, 'Lemery', '92.50', '2021-09-23 09:46:33', 2021, 4),
(227, 4, 'Pablo Borbon', '37.67', '2020-05-26 08:33:57', 2020, 14),
(228, 1, 'Alangilan', '44.48', '2022-04-09 10:23:29', 2022, 16),
(229, 2, 'Rosario', '76.62', '2024-08-11 14:06:37', 2024, 5),
(230, 7, 'Pablo Borbon', '37.61', '2022-01-29 14:01:54', 2022, 17),
(231, 6, 'Nasugbu', '34.80', '2018-07-15 15:44:15', 2018, 3),
(232, 5, 'Nasugbu', '90.05', '2019-10-29 19:37:44', 2019, 14),
(233, 5, 'Rosario', '32.74', '2024-11-25 13:53:44', 2024, 5),
(234, 8, 'Malvar', '14.08', '2018-06-14 12:16:03', 2018, 7),
(235, 1, 'Lipa', '96.14', '2019-06-10 05:48:28', 2019, 16),
(236, 7, 'Pablo Borbon', '87.06', '2018-01-14 13:48:37', 2018, 11),
(237, 9, 'Alangilan', '25.36', '2019-01-03 11:07:29', 2019, 12),
(238, 6, 'Lipa', '61.98', '2022-06-14 17:40:07', 2022, 15),
(239, 7, 'Malvar', '62.92', '2019-12-16 03:41:19', 2019, 5),
(240, 9, 'Lipa', '59.37', '2018-12-12 18:40:46', 2018, 16),
(241, 10, 'Lemery', '85.73', '2024-11-09 14:15:59', 2024, 15),
(242, 1, 'Malvar', '33.59', '2021-07-20 08:25:47', 2021, 16),
(243, 5, 'Nasugbu', '86.91', '2021-11-22 12:29:42', 2021, 8),
(244, 1, 'Malvar', '30.64', '2018-11-26 14:49:44', 2018, 2),
(245, 9, 'Rosario', '22.68', '2023-09-09 21:43:47', 2023, 14),
(246, 6, 'Nasugbu', '91.93', '2021-04-15 16:55:49', 2021, 16),
(247, 7, 'Lipa', '80.60', '2021-06-29 10:00:07', 2021, 14),
(248, 9, 'Lemery', '41.63', '2021-05-14 14:40:05', 2021, 13),
(249, 5, 'Malvar', '48.48', '2020-04-19 19:16:35', 2020, 13),
(250, 9, 'Malvar', '23.40', '2024-02-15 03:39:58', 2024, 16),
(251, 2, 'Nasugbu', '28.81', '2020-03-06 11:42:10', 2020, 6),
(252, 9, 'Rosario', '34.63', '2023-09-07 11:59:35', 2023, 13),
(253, 7, 'Lipa', '26.87', '2023-09-07 17:46:06', 2023, 13),
(254, 10, 'Nasugbu', '26.65', '2023-05-11 19:08:02', 2023, 1),
(255, 10, 'Rosario', '89.72', '2018-11-22 11:18:02', 2018, 6),
(256, 4, 'Alangilan', '65.70', '2023-02-02 15:01:20', 2023, 15),
(257, 9, 'Rosario', '45.25', '2024-05-27 06:05:34', 2024, 1),
(258, 6, 'Lipa', '34.57', '2018-12-22 02:33:09', 2018, 1),
(259, 5, 'Malvar', '34.28', '2018-05-24 14:28:25', 2018, 13),
(260, 1, 'Pablo Borbon', '56.66', '2019-08-07 01:28:59', 2019, 17),
(261, 5, 'Lipa', '90.90', '2019-12-07 02:55:05', 2019, 5),
(262, 1, 'Malvar', '13.81', '2021-01-31 20:56:23', 2021, 16),
(263, 6, 'Rosario', '41.98', '2023-12-16 06:50:23', 2023, 15),
(264, 7, 'Nasugbu', '74.19', '2020-12-22 00:49:13', 2020, 5),
(265, 8, 'Malvar', '75.25', '2018-10-05 16:26:00', 2018, 11),
(266, 3, 'Rosario', '98.93', '2018-11-13 09:10:03', 2018, 6),
(267, 9, 'Nasugbu', '39.29', '2022-04-06 09:26:20', 2022, 7),
(268, 3, 'Pablo Borbon', '58.14', '2018-03-26 18:44:22', 2018, 8),
(269, 4, 'Lipa', '82.31', '2019-08-30 21:44:41', 2019, 12),
(270, 6, 'Pablo Borbon', '83.29', '2020-01-12 19:21:10', 2020, 1),
(271, 9, 'Lemery', '23.99', '2018-06-11 13:31:40', 2018, 8),
(272, 7, 'Lemery', '36.63', '2021-05-05 09:03:08', 2021, 1),
(273, 5, 'Nasugbu', '58.94', '2020-07-25 03:31:40', 2020, 9),
(274, 4, 'Lemery', '74.78', '2022-08-26 18:13:04', 2022, 10),
(275, 7, 'Pablo Borbon', '49.87', '2022-12-09 09:03:09', 2022, 15),
(276, 3, 'Lemery', '55.34', '2023-03-03 00:35:42', 2023, 9),
(277, 2, 'Lipa', '89.09', '2020-12-09 15:41:03', 2020, 12),
(278, 8, 'Nasugbu', '22.01', '2021-09-02 07:27:23', 2021, 10),
(279, 9, 'Rosario', '49.52', '2021-11-09 14:29:47', 2021, 16),
(280, 5, 'Lemery', '16.34', '2024-06-02 20:04:53', 2024, 9),
(281, 6, 'Nasugbu', '91.05', '2022-03-05 05:24:10', 2022, 17),
(282, 1, 'Rosario', '28.11', '2018-04-05 10:44:31', 2018, 12),
(283, 7, 'Pablo Borbon', '45.06', '2018-07-14 00:04:40', 2018, 7),
(284, 4, 'Pablo Borbon', '23.16', '2020-03-23 21:46:06', 2020, 15),
(285, 2, 'Lipa', '80.95', '2018-01-27 02:41:57', 2018, 5),
(286, 7, 'Malvar', '94.46', '2018-05-18 18:05:59', 2018, 11),
(287, 8, 'Alangilan', '25.28', '2018-05-08 16:06:56', 2018, 14),
(288, 8, 'Nasugbu', '72.04', '2021-04-28 20:24:29', 2021, 9),
(289, 7, 'Lemery', '60.87', '2019-07-09 19:32:35', 2019, 1),
(290, 1, 'Alangilan', '50.23', '2022-08-26 00:22:09', 2022, 9),
(291, 3, 'Rosario', '74.74', '2019-06-17 13:21:49', 2019, 14),
(292, 8, 'Nasugbu', '52.92', '2019-04-20 16:25:36', 2019, 17),
(293, 6, 'Malvar', '60.90', '2018-05-15 18:57:45', 2018, 2),
(294, 2, 'Lipa', '28.63', '2021-12-10 02:47:31', 2021, 9),
(295, 8, 'Lipa', '31.55', '2022-10-17 16:32:44', 2022, 16),
(296, 6, 'Lipa', '55.47', '2018-01-24 05:29:24', 2018, 6),
(297, 5, 'Rosario', '90.36', '2020-10-27 23:52:17', 2020, 14),
(298, 8, 'Rosario', '24.67', '2019-08-10 11:41:23', 2019, 13),
(299, 10, 'Lemery', '91.35', '2018-03-04 12:05:11', 2018, 10),
(300, 10, 'Lipa', '98.61', '2022-12-19 04:09:22', 2022, 2),
(301, 4, 'Lemery', '57.11', '2023-08-18 06:48:43', 2023, 17),
(302, 1, 'Pablo Borbon', '47.26', '2020-11-20 01:37:45', 2020, 11),
(303, 6, 'Nasugbu', '65.36', '2023-10-20 06:59:33', 2023, 1),
(304, 10, 'Rosario', '11.18', '2021-12-26 00:54:10', 2021, 10),
(305, 8, 'Malvar', '97.51', '2018-04-03 13:51:28', 2018, 3),
(306, 3, 'Alangilan', '28.61', '2024-12-20 08:15:43', 2024, 17),
(307, 2, 'Nasugbu', '26.49', '2024-02-15 16:10:55', 2024, 17),
(308, 10, 'Pablo Borbon', '11.67', '2022-08-20 00:23:24', 2022, 3),
(309, 10, 'Alangilan', '47.73', '2018-03-03 18:45:43', 2018, 1),
(310, 5, 'Alangilan', '62.10', '2020-12-11 15:05:25', 2020, 17),
(311, 2, 'Lipa', '16.42', '2022-02-08 19:44:11', 2022, 16),
(312, 2, 'Alangilan', '85.28', '2023-04-18 10:53:22', 2023, 16),
(313, 5, 'Lemery', '20.84', '2019-04-16 10:18:35', 2019, 15),
(314, 4, 'Lipa', '23.60', '2019-05-09 22:04:28', 2019, 14),
(315, 5, 'Lipa', '75.96', '2023-01-08 18:46:30', 2023, 3),
(316, 10, 'Rosario', '76.03', '2019-04-22 07:17:15', 2019, 4),
(317, 6, 'Pablo Borbon', '60.56', '2024-03-18 11:20:04', 2024, 14),
(318, 10, 'Lemery', '32.45', '2018-05-13 15:55:44', 2018, 11),
(319, 3, 'Nasugbu', '32.94', '2021-01-15 19:58:00', 2021, 13),
(320, 8, 'Lipa', '80.66', '2018-12-10 22:38:15', 2018, 10),
(321, 5, 'Malvar', '12.67', '2021-11-30 06:25:12', 2021, 9),
(322, 1, 'Lipa', '91.20', '2021-02-28 12:03:27', 2021, 15),
(323, 2, 'Malvar', '97.42', '2024-02-13 08:56:55', 2024, 1),
(324, 1, 'Lemery', '11.45', '2022-10-31 05:59:06', 2022, 16),
(325, 4, 'Lipa', '44.83', '2024-10-29 17:19:58', 2024, 16),
(326, 4, 'Lemery', '93.04', '2021-01-25 19:29:08', 2021, 2),
(327, 8, 'Nasugbu', '86.69', '2023-01-13 17:39:40', 2023, 10),
(328, 7, 'Rosario', '16.05', '2019-11-07 02:14:01', 2019, 10),
(329, 6, 'Pablo Borbon', '14.87', '2018-07-13 22:58:19', 2018, 8),
(330, 1, 'Lipa', '43.30', '2023-04-17 22:38:56', 2023, 4),
(331, 1, 'Nasugbu', '41.14', '2024-12-22 06:01:00', 2024, 13),
(332, 2, 'Alangilan', '91.90', '2023-07-26 20:12:42', 2023, 7),
(333, 10, 'Rosario', '78.57', '2023-01-12 18:00:43', 2023, 9),
(334, 1, 'Lemery', '91.79', '2024-11-15 04:10:27', 2024, 2),
(335, 1, 'Pablo Borbon', '11.87', '2020-07-01 14:51:34', 2020, 10),
(336, 2, 'Lemery', '95.97', '2023-12-15 00:44:12', 2023, 10),
(337, 6, 'Alangilan', '92.05', '2021-02-01 04:07:05', 2021, 16),
(338, 8, 'Lipa', '23.68', '2020-08-01 05:56:52', 2020, 15),
(339, 1, 'Nasugbu', '32.68', '2022-12-20 12:30:10', 2022, 5),
(340, 3, 'Pablo Borbon', '58.38', '2024-12-13 12:30:03', 2024, 3),
(341, 1, 'Malvar', '51.61', '2018-05-28 23:48:15', 2018, 12),
(342, 5, 'Malvar', '47.84', '2020-02-28 10:13:17', 2020, 9),
(343, 6, 'Alangilan', '17.28', '2024-04-09 16:31:55', 2024, 14),
(344, 9, 'Rosario', '90.69', '2020-12-27 13:33:40', 2020, 11),
(345, 10, 'Pablo Borbon', '15.01', '2024-05-17 06:30:41', 2024, 15),
(346, 8, 'Rosario', '11.74', '2020-03-03 05:43:04', 2020, 3),
(347, 8, 'Lemery', '16.30', '2024-12-12 10:16:40', 2024, 4),
(348, 10, 'Lemery', '36.89', '2022-02-08 07:55:48', 2022, 12),
(349, 3, 'Malvar', '24.49', '2020-09-29 18:29:40', 2020, 11),
(350, 1, 'Lemery', '52.44', '2018-04-27 02:24:41', 2018, 5),
(351, 1, 'Nasugbu', '36.81', '2023-09-26 11:16:00', 2023, 12),
(352, 8, 'Lemery', '67.48', '2023-08-17 23:44:49', 2023, 12),
(353, 6, 'Lemery', '85.06', '2024-01-27 17:53:37', 2024, 1),
(354, 5, 'Nasugbu', '11.89', '2021-10-01 05:40:00', 2021, 2),
(355, 10, 'Rosario', '96.76', '2019-11-08 07:40:20', 2019, 1),
(356, 1, 'Malvar', '93.85', '2020-12-14 21:45:43', 2020, 10),
(357, 1, 'Malvar', '56.89', '2023-08-08 09:53:14', 2023, 17),
(358, 5, 'Lipa', '36.86', '2018-01-21 00:06:24', 2018, 13),
(359, 1, 'Rosario', '75.12', '2023-01-26 04:05:00', 2023, 13),
(360, 7, 'Alangilan', '38.64', '2021-11-04 02:38:55', 2021, 5),
(361, 8, 'Malvar', '97.31', '2020-02-13 05:10:25', 2020, 6),
(362, 10, 'Pablo Borbon', '32.09', '2020-06-27 22:56:04', 2020, 5),
(363, 8, 'Rosario', '48.95', '2020-07-14 03:58:12', 2020, 5),
(364, 1, 'Nasugbu', '99.49', '2022-06-23 02:01:24', 2022, 2),
(365, 10, 'Lipa', '76.17', '2024-01-28 13:54:15', 2024, 8),
(366, 7, 'Alangilan', '15.64', '2023-10-27 15:15:56', 2023, 15),
(367, 4, 'Malvar', '98.42', '2018-10-05 23:19:41', 2018, 16),
(368, 10, 'Alangilan', '48.07', '2019-08-06 17:53:26', 2019, 6),
(369, 6, 'Malvar', '15.84', '2018-01-15 19:29:02', 2018, 7),
(370, 9, 'Pablo Borbon', '67.86', '2019-07-28 14:47:40', 2019, 1),
(371, 3, 'Alangilan', '16.14', '2023-09-21 13:27:19', 2023, 6),
(372, 6, 'Lipa', '81.97', '2024-04-13 23:56:11', 2024, 10),
(373, 7, 'Lipa', '84.98', '2019-01-20 22:40:11', 2019, 4),
(374, 4, 'Malvar', '59.69', '2024-10-21 01:06:52', 2024, 13),
(375, 2, 'Lipa', '69.26', '2022-11-02 00:00:43', 2022, 7),
(376, 4, 'Rosario', '14.28', '2019-03-30 15:45:11', 2019, 4),
(377, 9, 'Alangilan', '63.51', '2022-01-16 08:20:12', 2022, 13),
(378, 9, 'Nasugbu', '42.74', '2019-08-21 11:20:14', 2019, 4),
(379, 1, 'Rosario', '44.25', '2023-03-20 22:57:39', 2023, 3),
(380, 5, 'Malvar', '36.47', '2018-07-17 19:48:55', 2018, 9),
(381, 10, 'Nasugbu', '57.74', '2022-02-27 18:17:32', 2022, 17),
(382, 9, 'Nasugbu', '52.28', '2024-12-17 16:55:56', 2024, 8),
(383, 6, 'Alangilan', '43.36', '2024-02-15 07:49:58', 2024, 16),
(384, 4, 'Pablo Borbon', '23.96', '2023-08-23 06:56:20', 2023, 7),
(385, 5, 'Lemery', '68.48', '2022-04-01 06:46:37', 2022, 15),
(386, 8, 'Alangilan', '74.61', '2020-01-08 13:36:35', 2020, 3),
(387, 1, 'Rosario', '47.41', '2024-06-22 11:21:46', 2024, 14),
(388, 3, 'Lipa', '18.32', '2018-03-16 02:40:10', 2018, 2),
(389, 7, 'Lipa', '51.29', '2020-05-28 22:16:46', 2020, 5),
(390, 10, 'Pablo Borbon', '70.67', '2019-01-16 03:34:08', 2019, 11),
(391, 3, 'Pablo Borbon', '93.60', '2019-11-27 18:39:01', 2019, 13),
(392, 1, 'Pablo Borbon', '15.97', '2021-06-01 17:59:14', 2021, 16),
(393, 3, 'Lemery', '76.93', '2020-09-18 01:08:23', 2020, 12),
(394, 7, 'Lipa', '33.53', '2018-11-12 04:26:17', 2018, 10),
(395, 2, 'Lipa', '25.71', '2018-05-05 10:23:05', 2018, 4),
(396, 9, 'Rosario', '26.78', '2021-04-21 16:49:41', 2021, 11),
(397, 5, 'Lemery', '12.86', '2023-04-20 12:17:03', 2023, 3),
(398, 6, 'Rosario', '48.42', '2019-07-22 19:09:09', 2019, 3),
(399, 4, 'Rosario', '52.45', '2018-12-17 09:23:04', 2018, 17),
(400, 4, 'Malvar', '89.07', '2020-10-24 19:06:01', 2020, 8),
(401, 10, 'Rosario', '94.29', '2022-09-27 05:37:27', 2022, 7),
(402, 10, 'Lipa', '24.24', '2021-05-24 19:28:20', 2021, 13),
(403, 4, 'Pablo Borbon', '56.25', '2018-02-22 21:32:40', 2018, 5),
(404, 7, 'Malvar', '74.23', '2018-12-19 19:54:53', 2018, 4),
(405, 4, 'Malvar', '34.59', '2018-06-28 11:50:46', 2018, 2),
(406, 10, 'Lipa', '68.82', '2020-07-20 10:22:38', 2020, 1),
(407, 3, 'Rosario', '39.58', '2021-01-14 12:53:12', 2021, 3),
(408, 10, 'Pablo Borbon', '94.57', '2021-10-16 17:51:19', 2021, 3),
(409, 5, 'Malvar', '95.63', '2020-06-02 04:55:18', 2020, 12),
(410, 6, 'Lemery', '22.61', '2020-11-22 21:50:09', 2020, 14),
(411, 3, 'Malvar', '12.92', '2021-08-17 13:10:32', 2021, 11),
(412, 10, 'Nasugbu', '88.53', '2019-09-29 03:59:44', 2019, 11),
(413, 1, 'Lemery', '78.24', '2024-03-03 20:43:23', 2024, 2),
(414, 1, 'Alangilan', '69.42', '2024-04-19 02:38:43', 2024, 10),
(415, 5, 'Lipa', '39.82', '2024-01-23 01:27:47', 2024, 9),
(416, 7, 'Lipa', '90.22', '2019-06-23 10:26:43', 2019, 15),
(417, 4, 'Malvar', '34.27', '2020-02-22 08:04:32', 2020, 8),
(418, 9, 'Rosario', '40.81', '2018-05-14 19:36:22', 2018, 6),
(419, 9, 'Malvar', '69.45', '2021-04-08 14:13:21', 2021, 1),
(420, 6, 'Lemery', '48.86', '2018-07-04 03:32:04', 2018, 14),
(421, 10, 'Pablo Borbon', '11.81', '2021-12-06 10:17:25', 2021, 6),
(422, 8, 'Lemery', '59.50', '2018-10-31 17:50:05', 2018, 2),
(423, 4, 'Alangilan', '51.59', '2020-07-17 11:47:05', 2020, 17),
(424, 8, 'Malvar', '16.92', '2021-03-28 02:06:21', 2021, 16),
(425, 8, 'Malvar', '23.52', '2020-10-02 10:27:08', 2020, 4),
(426, 2, 'Rosario', '90.75', '2021-05-13 17:55:01', 2021, 7),
(427, 4, 'Lipa', '11.26', '2020-05-11 10:52:55', 2020, 11),
(428, 8, 'Alangilan', '36.50', '2020-11-01 04:35:09', 2020, 9),
(429, 3, 'Pablo Borbon', '45.64', '2019-06-20 10:45:47', 2019, 5),
(430, 5, 'Lipa', '78.14', '2023-03-03 08:58:21', 2023, 14),
(431, 1, 'Rosario', '32.61', '2020-12-19 05:29:47', 2020, 8),
(432, 4, 'Lemery', '81.71', '2023-07-20 04:27:43', 2023, 2),
(433, 5, 'Malvar', '29.12', '2020-09-29 03:04:37', 2020, 13),
(434, 9, 'Lemery', '69.02', '2022-09-17 18:48:31', 2022, 2),
(435, 1, 'Lipa', '71.30', '2020-11-06 18:50:16', 2020, 15),
(436, 6, 'Lemery', '74.18', '2018-01-08 04:18:39', 2018, 12),
(437, 9, 'Nasugbu', '75.77', '2018-03-23 10:03:47', 2018, 14),
(438, 3, 'Malvar', '47.77', '2019-04-04 07:15:40', 2019, 5),
(439, 1, 'Nasugbu', '65.02', '2021-07-12 01:45:26', 2021, 10),
(440, 6, 'Rosario', '70.89', '2023-08-14 19:39:01', 2023, 15),
(441, 5, 'Pablo Borbon', '37.65', '2018-01-31 05:00:29', 2018, 17),
(442, 5, 'Alangilan', '72.58', '2022-10-15 23:10:38', 2022, 1),
(443, 10, 'Lipa', '17.26', '2019-01-31 12:26:08', 2019, 15),
(444, 3, 'Lipa', '46.79', '2023-12-03 08:14:34', 2023, 1),
(445, 6, 'Pablo Borbon', '36.03', '2023-07-02 18:06:29', 2023, 10),
(446, 4, 'Pablo Borbon', '47.46', '2018-04-16 07:52:38', 2018, 5),
(447, 1, 'Nasugbu', '75.09', '2023-10-15 03:40:48', 2023, 8),
(448, 6, 'Lipa', '25.56', '2023-11-22 12:57:23', 2023, 6),
(449, 8, 'Alangilan', '41.03', '2021-05-06 01:37:03', 2021, 5),
(450, 7, 'Malvar', '83.08', '2024-12-08 17:26:03', 2024, 11),
(451, 3, 'Malvar', '12.91', '2023-10-07 03:16:48', 2023, 1),
(452, 9, 'Lipa', '12.49', '2021-11-17 12:32:38', 2021, 8),
(453, 3, 'Lemery', '28.24', '2024-06-20 06:55:03', 2024, 11),
(454, 5, 'Alangilan', '31.10', '2023-10-16 10:54:24', 2023, 1),
(455, 5, 'Malvar', '36.76', '2022-07-17 16:24:55', 2022, 8),
(456, 9, 'Lipa', '51.42', '2019-01-11 21:47:53', 2019, 11),
(457, 6, 'Malvar', '96.72', '2023-01-31 15:56:11', 2023, 4),
(458, 4, 'Malvar', '63.94', '2019-12-22 13:32:21', 2019, 10),
(459, 8, 'Rosario', '92.59', '2021-06-23 02:51:32', 2021, 7),
(460, 2, 'Malvar', '74.38', '2023-10-08 17:38:10', 2023, 4),
(461, 9, 'Lemery', '45.63', '2024-04-16 20:02:25', 2024, 13),
(462, 3, 'Malvar', '67.25', '2024-02-02 14:03:49', 2024, 17),
(463, 9, 'Rosario', '37.92', '2022-06-02 03:03:30', 2022, 6),
(464, 8, 'Lipa', '29.84', '2024-08-25 20:44:14', 2024, 8),
(465, 6, 'Nasugbu', '63.19', '2021-07-20 06:48:52', 2021, 17),
(466, 9, 'Lemery', '73.17', '2022-12-24 00:13:47', 2022, 17),
(467, 5, 'Nasugbu', '93.27', '2021-03-17 14:08:33', 2021, 13),
(468, 2, 'Lemery', '70.12', '2021-07-30 05:02:01', 2021, 8),
(469, 5, 'Rosario', '39.46', '2022-03-22 10:21:41', 2022, 7),
(470, 7, 'Rosario', '47.87', '2021-04-11 16:55:38', 2021, 8),
(471, 10, 'Lipa', '18.59', '2019-10-03 02:52:01', 2019, 7),
(472, 1, 'Pablo Borbon', '31.42', '2021-03-17 02:19:55', 2021, 5),
(473, 6, 'Malvar', '91.70', '2018-02-23 10:40:12', 2018, 1),
(474, 8, 'Pablo Borbon', '75.14', '2018-10-27 16:34:41', 2018, 15),
(475, 6, 'Malvar', '67.47', '2020-01-07 14:04:12', 2020, 3),
(476, 10, 'Rosario', '66.90', '2018-07-11 08:02:40', 2018, 11),
(477, 3, 'Pablo Borbon', '11.56', '2024-03-17 23:07:58', 2024, 11),
(478, 3, 'Nasugbu', '67.86', '2019-08-20 03:58:07', 2019, 5),
(479, 9, 'Pablo Borbon', '46.37', '2022-09-25 17:35:55', 2022, 10),
(480, 2, 'Lemery', '83.62', '2024-11-30 19:52:49', 2024, 6),
(481, 8, 'Rosario', '95.29', '2023-02-23 01:07:18', 2023, 5),
(482, 5, 'Nasugbu', '36.29', '2024-01-21 21:36:16', 2024, 9),
(483, 7, 'Nasugbu', '57.87', '2022-12-29 14:47:55', 2022, 2),
(484, 3, 'Pablo Borbon', '99.89', '2020-08-24 01:40:30', 2020, 10),
(485, 7, 'Nasugbu', '75.56', '2022-12-21 05:46:31', 2022, 1),
(486, 7, 'Alangilan', '79.89', '2023-04-15 07:42:31', 2023, 8),
(487, 10, 'Nasugbu', '88.90', '2021-08-02 23:29:00', 2021, 1),
(488, 1, 'Alangilan', '45.37', '2020-12-13 18:15:41', 2020, 10),
(489, 1, 'Lipa', '41.20', '2018-08-05 23:27:34', 2018, 1),
(490, 7, 'Nasugbu', '46.16', '2024-12-10 22:17:06', 2024, 17),
(491, 1, 'Rosario', '59.94', '2018-08-20 02:54:36', 2018, 11),
(492, 3, 'Nasugbu', '39.60', '2024-10-01 22:59:59', 2024, 7),
(493, 2, 'Lemery', '67.94', '2018-12-22 03:30:44', 2018, 14),
(494, 9, 'Rosario', '40.70', '2021-03-15 11:48:26', 2021, 16),
(495, 9, 'Rosario', '81.69', '2021-06-14 11:40:17', 2021, 1),
(496, 8, 'Lemery', '12.63', '2024-04-03 03:55:29', 2024, 13),
(497, 6, 'Lipa', '33.97', '2024-04-14 18:10:02', 2024, 14),
(498, 7, 'Lipa', '83.67', '2023-03-24 14:11:55', 2023, 3),
(499, 10, 'Nasugbu', '30.01', '2021-09-14 08:57:37', 2021, 3),
(500, 1, 'Pablo Borbon', '88.83', '2019-08-31 06:15:49', 2019, 6);

-- --------------------------------------------------------

--
-- Table structure for table `tb_participation_content`
--

CREATE TABLE `tb_participation_content` (
  `participation_content_id` int NOT NULL,
  `title_ppa` varchar(255) DEFAULT NULL,
  `description` varchar(255) DEFAULT NULL,
  `total_cost` varchar(255) DEFAULT NULL,
  `fund_source` varchar(255) DEFAULT NULL,
  `campus` varchar(50) DEFAULT NULL,
  `created_at` timestamp NULL DEFAULT NULL,
  `created_year` year DEFAULT NULL,
  `participation_id` int DEFAULT NULL,
  `sdg_ID` int DEFAULT NULL
) ENGINE=InnoDB DEFAULT CHARSET=utf8mb4 COLLATE=utf8mb4_0900_ai_ci;

--
-- Dumping data for table `tb_participation_content`
--

INSERT INTO `tb_participation_content` (`participation_content_id`, `title_ppa`, `description`, `total_cost`, `fund_source`, `campus`, `created_at`, `created_year`, `participation_id`, `sdg_ID`) VALUES
(1, 'Clean Energy Workshop', 'Description for Educational Outreach Program', '59349', 'Community', 'Malvar', '2018-02-18 16:00:00', 2018, 1, 11),
(2, 'Educational Outreach Program', 'Description for Clean Energy Workshop', '33480', 'NGO', 'Lipa', '2020-03-20 16:00:00', 2020, 2, 8),
(3, 'Tree Planting Drive', 'Description for Waste Management Initiative', '25645', 'NGO', 'Lipa', '2022-12-26 16:00:00', 2022, 3, 14),
(4, 'Tree Planting Drive', 'Description for Youth Skills Training', '51354', 'Private', 'Pablo Borbon', '2023-01-06 16:00:00', 2023, 4, 12),
(5, 'Educational Outreach Program', 'Description for Educational Outreach Program', '43140', 'NGO', 'Lipa', '2024-10-13 16:00:00', 2024, 5, 15),
(6, 'Sustainable Agriculture Plan', 'Description for Tree Planting Drive', '86301', 'Private', 'Lipa', '2020-10-28 16:00:00', 2020, 6, 12),
(7, 'Clean Energy Workshop', 'Description for Youth Skills Training', '64048', 'NGO', 'Alangilan', '2019-04-15 16:00:00', 2019, 7, 14),
(8, 'Youth Skills Training', 'Description for Community Health Campaign', '69374', 'Private', 'Lemery', '2023-10-02 16:00:00', 2023, 8, 13),
(9, 'Youth Skills Training', 'Description for Clean Energy Workshop', '55509', 'NGO', 'Lipa', '2022-12-17 16:00:00', 2022, 9, 3),
(10, 'Waste Management Initiative', 'Description for Waste Management Initiative', '41508', 'Government', 'Malvar', '2019-12-02 16:00:00', 2019, 10, 11),
(11, 'Clean Energy Workshop', 'Description for Sustainable Agriculture Plan', '10152', 'Community', 'Nasugbu', '2023-07-09 16:00:00', 2023, 11, 2),
(12, 'Waste Management Initiative', 'Description for Solar Panel Installation', '48679', 'NGO', 'Lemery', '2024-11-03 16:00:00', 2024, 12, 1),
(13, 'Sustainable Agriculture Plan', 'Description for Educational Outreach Program', '73221', 'Community', 'Malvar', '2024-11-18 16:00:00', 2024, 13, 5),
(14, 'Clean Energy Workshop', 'Description for Clean Energy Workshop', '45094', 'NGO', 'Pablo Borbon', '2023-09-28 16:00:00', 2023, 14, 15),
(15, 'Community Health Campaign', 'Description for Waste Management Initiative', '36471', 'NGO', 'Lipa', '2024-04-02 16:00:00', 2024, 15, 4),
(16, 'Clean Energy Workshop', 'Description for Recycling Program', '72225', 'Community', 'Lipa', '2019-03-10 16:00:00', 2019, 16, 12),
(17, 'Clean Energy Workshop', 'Description for Clean Energy Workshop', '55548', 'Private', 'Lipa', '2021-07-23 16:00:00', 2021, 17, 14),
(18, 'Youth Skills Training', 'Description for Tree Planting Drive', '41269', 'Government', 'Nasugbu', '2019-09-19 16:00:00', 2019, 18, 5),
(19, 'Sustainable Agriculture Plan', 'Description for Tree Planting Drive', '10596', 'Government', 'Lipa', '2020-06-09 16:00:00', 2020, 19, 2),
(20, 'Waste Management Initiative', 'Description for Recycling Program', '56945', 'Government', 'Nasugbu', '2018-02-06 16:00:00', 2018, 20, 11),
(21, 'Sustainable Agriculture Plan', 'Description for Water Conservation Project', '38405', 'Private', 'Lemery', '2019-01-25 16:00:00', 2019, 21, 2),
(22, 'Water Conservation Project', 'Description for Clean Energy Workshop', '40966', 'Community', 'Lemery', '2024-06-25 16:00:00', 2024, 22, 15),
(23, 'Community Health Campaign', 'Description for Recycling Program', '39497', 'Government', 'Lipa', '2020-07-26 16:00:00', 2020, 23, 6),
(24, 'Educational Outreach Program', 'Description for Community Health Campaign', '37812', 'Private', 'Nasugbu', '2018-01-20 16:00:00', 2018, 24, 5),
(25, 'Sustainable Agriculture Plan', 'Description for Sustainable Agriculture Plan', '42817', 'Private', 'Rosario', '2019-05-16 16:00:00', 2019, 25, 13),
(26, 'Water Conservation Project', 'Description for Water Conservation Project', '57067', 'NGO', 'Pablo Borbon', '2020-10-22 16:00:00', 2020, 26, 14),
(27, 'Youth Skills Training', 'Description for Youth Skills Training', '55597', 'NGO', 'Malvar', '2018-04-07 16:00:00', 2018, 27, 7),
(28, 'Community Health Campaign', 'Description for Clean Energy Workshop', '36379', 'Private', 'Malvar', '2024-09-21 16:00:00', 2024, 28, 2),
(29, 'Recycling Program', 'Description for Youth Skills Training', '11391', 'Private', 'Alangilan', '2020-07-12 16:00:00', 2020, 29, 17),
(30, 'Clean Energy Workshop', 'Description for Recycling Program', '10180', 'Private', 'Alangilan', '2019-06-26 16:00:00', 2019, 30, 1),
(31, 'Water Conservation Project', 'Description for Youth Skills Training', '44009', 'Private', 'Malvar', '2022-09-29 16:00:00', 2022, 31, 6),
(32, 'Educational Outreach Program', 'Description for Recycling Program', '19772', 'Community', 'Rosario', '2022-06-03 16:00:00', 2022, 32, 2),
(33, 'Solar Panel Installation', 'Description for Solar Panel Installation', '55794', 'Private', 'Malvar', '2022-04-17 16:00:00', 2022, 33, 3),
(34, 'Youth Skills Training', 'Description for Recycling Program', '11552', 'Community', 'Lipa', '2021-02-14 16:00:00', 2021, 34, 5),
(35, 'Tree Planting Drive', 'Description for Water Conservation Project', '60408', 'Private', 'Pablo Borbon', '2020-12-21 16:00:00', 2020, 35, 3),
(36, 'Clean Energy Workshop', 'Description for Youth Skills Training', '35128', 'NGO', 'Nasugbu', '2019-04-22 16:00:00', 2019, 36, 11),
(37, 'Clean Energy Workshop', 'Description for Sustainable Agriculture Plan', '81776', 'NGO', 'Malvar', '2024-02-27 16:00:00', 2024, 37, 6),
(38, 'Water Conservation Project', 'Description for Sustainable Agriculture Plan', '54511', 'Private', 'Rosario', '2018-09-07 16:00:00', 2018, 38, 13),
(39, 'Sustainable Agriculture Plan', 'Description for Tree Planting Drive', '19757', 'Government', 'Pablo Borbon', '2021-04-26 16:00:00', 2021, 39, 16),
(40, 'Waste Management Initiative', 'Description for Educational Outreach Program', '14842', 'Community', 'Rosario', '2024-05-13 16:00:00', 2024, 40, 1),
(41, 'Sustainable Agriculture Plan', 'Description for Clean Energy Workshop', '57112', 'Government', 'Pablo Borbon', '2018-03-16 16:00:00', 2018, 41, 8),
(42, 'Community Health Campaign', 'Description for Solar Panel Installation', '48281', 'Community', 'Lemery', '2020-07-22 16:00:00', 2020, 42, 7),
(43, 'Recycling Program', 'Description for Youth Skills Training', '70002', 'NGO', 'Lemery', '2019-09-09 16:00:00', 2019, 43, 1),
(44, 'Sustainable Agriculture Plan', 'Description for Recycling Program', '45542', 'NGO', 'Lemery', '2023-11-17 16:00:00', 2023, 44, 2),
(45, 'Tree Planting Drive', 'Description for Youth Skills Training', '55722', 'Private', 'Pablo Borbon', '2023-02-19 16:00:00', 2023, 45, 13),
(46, 'Educational Outreach Program', 'Description for Sustainable Agriculture Plan', '56195', 'Government', 'Pablo Borbon', '2023-02-27 16:00:00', 2023, 46, 13),
(47, 'Sustainable Agriculture Plan', 'Description for Sustainable Agriculture Plan', '49296', 'Community', 'Malvar', '2020-06-14 16:00:00', 2020, 47, 7),
(48, 'Recycling Program', 'Description for Solar Panel Installation', '66048', 'Community', 'Lipa', '2020-10-30 16:00:00', 2020, 48, 7),
(49, 'Recycling Program', 'Description for Sustainable Agriculture Plan', '97817', 'Community', 'Pablo Borbon', '2023-02-25 16:00:00', 2023, 49, 16),
(50, 'Solar Panel Installation', 'Description for Waste Management Initiative', '90468', 'Government', 'Pablo Borbon', '2019-02-26 16:00:00', 2019, 50, 14),
(51, 'Clean Energy Workshop', 'Description for Sustainable Agriculture Plan', '27838', 'Government', 'Alangilan', '2019-08-27 16:00:00', 2019, 51, 10),
(52, 'Recycling Program', 'Description for Solar Panel Installation', '75140', 'Community', 'Lipa', '2023-01-13 16:00:00', 2023, 52, 15),
(53, 'Solar Panel Installation', 'Description for Youth Skills Training', '24138', 'Private', 'Malvar', '2021-07-12 16:00:00', 2021, 53, 10),
(54, 'Youth Skills Training', 'Description for Solar Panel Installation', '48862', 'NGO', 'Malvar', '2018-04-06 16:00:00', 2018, 54, 3),
(55, 'Solar Panel Installation', 'Description for Community Health Campaign', '98579', 'Private', 'Rosario', '2019-08-07 16:00:00', 2019, 55, 1),
(56, 'Educational Outreach Program', 'Description for Water Conservation Project', '46571', 'Private', 'Nasugbu', '2024-12-26 16:00:00', 2024, 56, 15),
(57, 'Educational Outreach Program', 'Description for Community Health Campaign', '30884', 'NGO', 'Lipa', '2021-11-22 16:00:00', 2021, 57, 2),
(58, 'Educational Outreach Program', 'Description for Solar Panel Installation', '53541', 'NGO', 'Lipa', '2024-10-12 16:00:00', 2024, 58, 6),
(59, 'Youth Skills Training', 'Description for Clean Energy Workshop', '47323', 'Private', 'Lipa', '2023-02-23 16:00:00', 2023, 59, 10),
(60, 'Waste Management Initiative', 'Description for Water Conservation Project', '31847', 'Community', 'Nasugbu', '2022-01-20 16:00:00', 2022, 60, 10),
(61, 'Educational Outreach Program', 'Description for Youth Skills Training', '27048', 'NGO', 'Pablo Borbon', '2018-11-21 16:00:00', 2018, 61, 1),
(62, 'Water Conservation Project', 'Description for Waste Management Initiative', '43265', 'NGO', 'Rosario', '2021-12-11 16:00:00', 2021, 62, 7),
(63, 'Sustainable Agriculture Plan', 'Description for Recycling Program', '30846', 'Private', 'Lemery', '2019-03-13 16:00:00', 2019, 63, 6),
(64, 'Solar Panel Installation', 'Description for Waste Management Initiative', '52026', 'Private', 'Malvar', '2021-07-19 16:00:00', 2021, 64, 13),
(65, 'Educational Outreach Program', 'Description for Sustainable Agriculture Plan', '95324', 'NGO', 'Alangilan', '2023-08-31 16:00:00', 2023, 65, 6),
(66, 'Community Health Campaign', 'Description for Educational Outreach Program', '35532', 'Private', 'Pablo Borbon', '2019-05-29 16:00:00', 2019, 66, 10),
(67, 'Tree Planting Drive', 'Description for Youth Skills Training', '82901', 'Private', 'Lipa', '2022-05-09 16:00:00', 2022, 67, 16),
(68, 'Waste Management Initiative', 'Description for Water Conservation Project', '16869', 'NGO', 'Rosario', '2021-11-21 16:00:00', 2021, 68, 12),
(69, 'Waste Management Initiative', 'Description for Sustainable Agriculture Plan', '47772', 'Community', 'Pablo Borbon', '2021-04-09 16:00:00', 2021, 69, 17),
(70, 'Clean Energy Workshop', 'Description for Water Conservation Project', '93185', 'NGO', 'Lipa', '2024-10-09 16:00:00', 2024, 70, 16),
(71, 'Educational Outreach Program', 'Description for Youth Skills Training', '24246', 'Private', 'Malvar', '2024-04-30 16:00:00', 2024, 71, 2),
(72, 'Solar Panel Installation', 'Description for Waste Management Initiative', '16293', 'Government', 'Lemery', '2018-07-04 16:00:00', 2018, 72, 15),
(73, 'Sustainable Agriculture Plan', 'Description for Recycling Program', '37424', 'Private', 'Rosario', '2024-05-10 16:00:00', 2024, 73, 9),
(74, 'Community Health Campaign', 'Description for Solar Panel Installation', '38931', 'Private', 'Lipa', '2019-09-18 16:00:00', 2019, 74, 17),
(75, 'Waste Management Initiative', 'Description for Educational Outreach Program', '13841', 'NGO', 'Pablo Borbon', '2019-09-08 16:00:00', 2019, 75, 16),
(76, 'Water Conservation Project', 'Description for Solar Panel Installation', '95872', 'NGO', 'Lemery', '2022-08-13 16:00:00', 2022, 76, 16),
(77, 'Water Conservation Project', 'Description for Solar Panel Installation', '61693', 'Community', 'Lipa', '2019-02-17 16:00:00', 2019, 77, 15),
(78, 'Recycling Program', 'Description for Tree Planting Drive', '35455', 'Government', 'Lipa', '2020-03-24 16:00:00', 2020, 78, 6),
(79, 'Youth Skills Training', 'Description for Community Health Campaign', '74080', 'Private', 'Rosario', '2018-12-27 16:00:00', 2018, 79, 9),
(80, 'Youth Skills Training', 'Description for Water Conservation Project', '87393', 'NGO', 'Lipa', '2024-06-29 16:00:00', 2024, 80, 12),
(81, 'Tree Planting Drive', 'Description for Waste Management Initiative', '14919', 'Government', 'Lipa', '2024-09-13 16:00:00', 2024, 81, 17),
(82, 'Water Conservation Project', 'Description for Educational Outreach Program', '91151', 'Community', 'Nasugbu', '2022-03-27 16:00:00', 2022, 82, 10),
(83, 'Educational Outreach Program', 'Description for Educational Outreach Program', '64555', 'NGO', 'Rosario', '2024-06-22 16:00:00', 2024, 83, 2),
(84, 'Recycling Program', 'Description for Community Health Campaign', '32090', 'NGO', 'Lipa', '2018-01-16 16:00:00', 2018, 84, 17),
(85, 'Sustainable Agriculture Plan', 'Description for Water Conservation Project', '78304', 'Government', 'Rosario', '2019-11-26 16:00:00', 2019, 85, 13),
(86, 'Water Conservation Project', 'Description for Tree Planting Drive', '87534', 'Government', 'Rosario', '2023-10-06 16:00:00', 2023, 86, 5),
(87, 'Solar Panel Installation', 'Description for Educational Outreach Program', '86409', 'Government', 'Pablo Borbon', '2020-12-03 16:00:00', 2020, 87, 13),
(88, 'Tree Planting Drive', 'Description for Waste Management Initiative', '98951', 'Private', 'Alangilan', '2020-11-29 16:00:00', 2020, 88, 14),
(89, 'Sustainable Agriculture Plan', 'Description for Solar Panel Installation', '20643', 'Private', 'Pablo Borbon', '2020-08-30 16:00:00', 2020, 89, 10),
(90, 'Sustainable Agriculture Plan', 'Description for Community Health Campaign', '24243', 'Government', 'Rosario', '2022-02-12 16:00:00', 2022, 90, 5),
(91, 'Youth Skills Training', 'Description for Community Health Campaign', '14853', 'Government', 'Lemery', '2018-08-12 16:00:00', 2018, 91, 11),
(92, 'Educational Outreach Program', 'Description for Solar Panel Installation', '32679', 'Community', 'Malvar', '2020-07-27 16:00:00', 2020, 92, 6),
(93, 'Tree Planting Drive', 'Description for Waste Management Initiative', '52720', 'Community', 'Pablo Borbon', '2021-09-01 16:00:00', 2021, 93, 5),
(94, 'Recycling Program', 'Description for Clean Energy Workshop', '10203', 'Community', 'Pablo Borbon', '2018-09-18 16:00:00', 2018, 94, 2),
(95, 'Tree Planting Drive', 'Description for Sustainable Agriculture Plan', '67758', 'Private', 'Lemery', '2022-11-22 16:00:00', 2022, 95, 9),
(96, 'Solar Panel Installation', 'Description for Waste Management Initiative', '17335', 'Private', 'Nasugbu', '2019-11-11 16:00:00', 2019, 96, 12),
(97, 'Educational Outreach Program', 'Description for Recycling Program', '74049', 'Government', 'Lipa', '2023-09-24 16:00:00', 2023, 97, 7),
(98, 'Youth Skills Training', 'Description for Tree Planting Drive', '28771', 'Private', 'Malvar', '2019-12-24 16:00:00', 2019, 98, 4),
(99, 'Community Health Campaign', 'Description for Educational Outreach Program', '45064', 'NGO', 'Rosario', '2019-06-23 16:00:00', 2019, 99, 15),
(100, 'Community Health Campaign', 'Description for Educational Outreach Program', '78207', 'Government', 'Pablo Borbon', '2019-04-19 16:00:00', 2019, 100, 1),
(101, 'Tree Planting Drive', 'Description for Solar Panel Installation', '98914', 'NGO', 'Lemery', '2024-06-10 16:00:00', 2024, 101, 15),
(102, 'Recycling Program', 'Description for Solar Panel Installation', '41013', 'Government', 'Alangilan', '2024-04-15 16:00:00', 2024, 102, 14),
(103, 'Clean Energy Workshop', 'Description for Waste Management Initiative', '44800', 'Private', 'Pablo Borbon', '2018-03-01 16:00:00', 2018, 103, 15),
(104, 'Waste Management Initiative', 'Description for Educational Outreach Program', '23922', 'Community', 'Lipa', '2018-05-10 16:00:00', 2018, 104, 8),
(105, 'Clean Energy Workshop', 'Description for Waste Management Initiative', '41394', 'Private', 'Malvar', '2021-10-29 16:00:00', 2021, 105, 2),
(106, 'Tree Planting Drive', 'Description for Sustainable Agriculture Plan', '76763', 'NGO', 'Rosario', '2023-05-12 16:00:00', 2023, 106, 2),
(107, 'Tree Planting Drive', 'Description for Water Conservation Project', '29669', 'NGO', 'Pablo Borbon', '2022-02-26 16:00:00', 2022, 107, 17),
(108, 'Recycling Program', 'Description for Waste Management Initiative', '80633', 'NGO', 'Malvar', '2022-10-04 16:00:00', 2022, 108, 10),
(109, 'Sustainable Agriculture Plan', 'Description for Tree Planting Drive', '15504', 'Community', 'Pablo Borbon', '2022-09-27 16:00:00', 2022, 109, 3),
(110, 'Sustainable Agriculture Plan', 'Description for Waste Management Initiative', '16968', 'NGO', 'Rosario', '2023-10-23 16:00:00', 2023, 110, 9),
(111, 'Clean Energy Workshop', 'Description for Water Conservation Project', '97847', 'Government', 'Lemery', '2023-07-25 16:00:00', 2023, 111, 14),
(112, 'Community Health Campaign', 'Description for Community Health Campaign', '87931', 'Private', 'Alangilan', '2020-10-16 16:00:00', 2020, 112, 13),
(113, 'Solar Panel Installation', 'Description for Tree Planting Drive', '21722', 'Government', 'Lemery', '2022-06-27 16:00:00', 2022, 113, 8),
(114, 'Youth Skills Training', 'Description for Youth Skills Training', '11132', 'Government', 'Malvar', '2024-04-02 16:00:00', 2024, 114, 7),
(115, 'Sustainable Agriculture Plan', 'Description for Community Health Campaign', '45953', 'Private', 'Nasugbu', '2023-08-15 16:00:00', 2023, 115, 14),
(116, 'Recycling Program', 'Description for Water Conservation Project', '58356', 'Government', 'Lemery', '2020-10-03 16:00:00', 2020, 116, 15),
(117, 'Educational Outreach Program', 'Description for Tree Planting Drive', '20461', 'Private', 'Nasugbu', '2024-02-19 16:00:00', 2024, 117, 11),
(118, 'Recycling Program', 'Description for Community Health Campaign', '87697', 'Community', 'Pablo Borbon', '2019-05-26 16:00:00', 2019, 118, 14),
(119, 'Educational Outreach Program', 'Description for Youth Skills Training', '63804', 'Government', 'Rosario', '2019-05-03 16:00:00', 2019, 119, 15),
(120, 'Tree Planting Drive', 'Description for Waste Management Initiative', '65255', 'Community', 'Nasugbu', '2019-12-17 16:00:00', 2019, 120, 5),
(121, 'Water Conservation Project', 'Description for Community Health Campaign', '67051', 'Private', 'Pablo Borbon', '2022-05-10 16:00:00', 2022, 121, 2),
(122, 'Tree Planting Drive', 'Description for Water Conservation Project', '76420', 'Community', 'Pablo Borbon', '2023-01-18 16:00:00', 2023, 122, 17),
(123, 'Educational Outreach Program', 'Description for Tree Planting Drive', '49087', 'NGO', 'Lemery', '2020-12-29 16:00:00', 2020, 123, 11),
(124, 'Community Health Campaign', 'Description for Water Conservation Project', '65299', 'Private', 'Lemery', '2021-09-05 16:00:00', 2021, 124, 14),
(125, 'Clean Energy Workshop', 'Description for Sustainable Agriculture Plan', '85448', 'Government', 'Lemery', '2018-09-14 16:00:00', 2018, 125, 3),
(126, 'Solar Panel Installation', 'Description for Sustainable Agriculture Plan', '24406', 'Community', 'Nasugbu', '2024-06-09 16:00:00', 2024, 126, 9),
(127, 'Clean Energy Workshop', 'Description for Solar Panel Installation', '31148', 'Private', 'Lipa', '2023-04-07 16:00:00', 2023, 127, 5),
(128, 'Recycling Program', 'Description for Tree Planting Drive', '98137', 'Private', 'Rosario', '2024-03-22 16:00:00', 2024, 128, 10),
(129, 'Sustainable Agriculture Plan', 'Description for Solar Panel Installation', '45980', 'Community', 'Pablo Borbon', '2024-09-20 16:00:00', 2024, 129, 1),
(130, 'Educational Outreach Program', 'Description for Solar Panel Installation', '54615', 'Private', 'Rosario', '2020-10-10 16:00:00', 2020, 130, 9),
(131, 'Clean Energy Workshop', 'Description for Educational Outreach Program', '70352', 'Private', 'Nasugbu', '2024-12-14 16:00:00', 2024, 131, 6),
(132, 'Sustainable Agriculture Plan', 'Description for Community Health Campaign', '95299', 'Community', 'Alangilan', '2024-04-14 16:00:00', 2024, 132, 9),
(133, 'Solar Panel Installation', 'Description for Community Health Campaign', '59851', 'Private', 'Malvar', '2020-07-23 16:00:00', 2020, 133, 17),
(134, 'Community Health Campaign', 'Description for Educational Outreach Program', '34204', 'NGO', 'Rosario', '2018-03-08 16:00:00', 2018, 134, 17),
(135, 'Sustainable Agriculture Plan', 'Description for Recycling Program', '25865', 'Community', 'Alangilan', '2020-06-07 16:00:00', 2020, 135, 3),
(136, 'Sustainable Agriculture Plan', 'Description for Sustainable Agriculture Plan', '61943', 'Private', 'Pablo Borbon', '2018-02-08 16:00:00', 2018, 136, 4),
(137, 'Youth Skills Training', 'Description for Community Health Campaign', '66659', 'Community', 'Pablo Borbon', '2024-09-29 16:00:00', 2024, 137, 3),
(138, 'Tree Planting Drive', 'Description for Solar Panel Installation', '45129', 'Community', 'Lipa', '2018-01-06 16:00:00', 2018, 138, 16),
(139, 'Waste Management Initiative', 'Description for Youth Skills Training', '46441', 'Private', 'Lipa', '2024-04-12 16:00:00', 2024, 139, 1),
(140, 'Solar Panel Installation', 'Description for Educational Outreach Program', '36820', 'Private', 'Lipa', '2018-01-08 16:00:00', 2018, 140, 8),
(141, 'Sustainable Agriculture Plan', 'Description for Recycling Program', '47442', 'Government', 'Lemery', '2020-08-02 16:00:00', 2020, 141, 7),
(142, 'Waste Management Initiative', 'Description for Community Health Campaign', '94495', 'NGO', 'Rosario', '2022-08-27 16:00:00', 2022, 142, 15),
(143, 'Recycling Program', 'Description for Youth Skills Training', '44006', 'NGO', 'Malvar', '2021-07-08 16:00:00', 2021, 143, 13),
(144, 'Community Health Campaign', 'Description for Water Conservation Project', '63947', 'Community', 'Pablo Borbon', '2019-04-22 16:00:00', 2019, 144, 8),
(145, 'Water Conservation Project', 'Description for Educational Outreach Program', '33791', 'Government', 'Nasugbu', '2024-05-28 16:00:00', 2024, 145, 8),
(146, 'Community Health Campaign', 'Description for Sustainable Agriculture Plan', '64635', 'NGO', 'Nasugbu', '2023-09-30 16:00:00', 2023, 146, 14),
(147, 'Sustainable Agriculture Plan', 'Description for Sustainable Agriculture Plan', '56660', 'Government', 'Pablo Borbon', '2019-05-03 16:00:00', 2019, 147, 5),
(148, 'Solar Panel Installation', 'Description for Community Health Campaign', '85564', 'Private', 'Pablo Borbon', '2019-01-20 16:00:00', 2019, 148, 17),
(149, 'Sustainable Agriculture Plan', 'Description for Waste Management Initiative', '22630', 'NGO', 'Alangilan', '2022-04-20 16:00:00', 2022, 149, 2),
(150, 'Water Conservation Project', 'Description for Solar Panel Installation', '93724', 'NGO', 'Lemery', '2024-09-11 16:00:00', 2024, 150, 15),
(151, 'Clean Energy Workshop', 'Description for Sustainable Agriculture Plan', '87712', 'Community', 'Lipa', '2019-11-25 16:00:00', 2019, 151, 6),
(152, 'Youth Skills Training', 'Description for Recycling Program', '11359', 'NGO', 'Lemery', '2021-04-07 16:00:00', 2021, 152, 11),
(153, 'Educational Outreach Program', 'Description for Tree Planting Drive', '75940', 'NGO', 'Nasugbu', '2023-01-21 16:00:00', 2023, 153, 3),
(154, 'Youth Skills Training', 'Description for Youth Skills Training', '80130', 'Community', 'Rosario', '2021-04-07 16:00:00', 2021, 154, 11),
(155, 'Sustainable Agriculture Plan', 'Description for Clean Energy Workshop', '79752', 'Community', 'Malvar', '2018-03-12 16:00:00', 2018, 155, 4),
(156, 'Youth Skills Training', 'Description for Water Conservation Project', '54820', 'NGO', 'Pablo Borbon', '2018-01-18 16:00:00', 2018, 156, 16),
(157, 'Youth Skills Training', 'Description for Water Conservation Project', '36311', 'Private', 'Lemery', '2020-03-10 16:00:00', 2020, 157, 11),
(158, 'Sustainable Agriculture Plan', 'Description for Waste Management Initiative', '48558', 'Private', 'Alangilan', '2024-10-04 16:00:00', 2024, 158, 1),
(159, 'Tree Planting Drive', 'Description for Waste Management Initiative', '80805', 'Community', 'Rosario', '2020-04-22 16:00:00', 2020, 159, 12),
(160, 'Solar Panel Installation', 'Description for Youth Skills Training', '92801', 'Private', 'Lemery', '2024-08-08 16:00:00', 2024, 160, 15),
(161, 'Solar Panel Installation', 'Description for Recycling Program', '55587', 'Government', 'Lipa', '2019-04-20 16:00:00', 2019, 161, 12),
(162, 'Sustainable Agriculture Plan', 'Description for Sustainable Agriculture Plan', '25133', 'Community', 'Rosario', '2024-11-26 16:00:00', 2024, 162, 10),
(163, 'Sustainable Agriculture Plan', 'Description for Water Conservation Project', '21228', 'Private', 'Nasugbu', '2019-12-18 16:00:00', 2019, 163, 8),
(164, 'Recycling Program', 'Description for Recycling Program', '83478', 'NGO', 'Lipa', '2018-12-02 16:00:00', 2018, 164, 16),
(165, 'Waste Management Initiative', 'Description for Clean Energy Workshop', '67225', 'Community', 'Alangilan', '2023-03-05 16:00:00', 2023, 165, 16),
(166, 'Recycling Program', 'Description for Recycling Program', '18986', 'Government', 'Lemery', '2021-02-25 16:00:00', 2021, 166, 1),
(167, 'Youth Skills Training', 'Description for Water Conservation Project', '56131', 'Private', 'Malvar', '2024-05-03 16:00:00', 2024, 167, 7),
(168, 'Community Health Campaign', 'Description for Waste Management Initiative', '62623', 'Private', 'Lipa', '2021-04-25 16:00:00', 2021, 168, 7),
(169, 'Water Conservation Project', 'Description for Youth Skills Training', '75419', 'Community', 'Lipa', '2019-03-01 16:00:00', 2019, 169, 8),
(170, 'Sustainable Agriculture Plan', 'Description for Water Conservation Project', '49113', 'Community', 'Nasugbu', '2020-11-20 16:00:00', 2020, 170, 13),
(171, 'Recycling Program', 'Description for Clean Energy Workshop', '69887', 'NGO', 'Pablo Borbon', '2021-08-08 16:00:00', 2021, 171, 17),
(172, 'Clean Energy Workshop', 'Description for Community Health Campaign', '60865', 'Government', 'Malvar', '2019-06-28 16:00:00', 2019, 172, 12),
(173, 'Sustainable Agriculture Plan', 'Description for Educational Outreach Program', '10623', 'NGO', 'Rosario', '2019-11-14 16:00:00', 2019, 173, 12),
(174, 'Sustainable Agriculture Plan', 'Description for Waste Management Initiative', '82653', 'Government', 'Lipa', '2024-09-17 16:00:00', 2024, 174, 11),
(175, 'Youth Skills Training', 'Description for Water Conservation Project', '59330', 'Community', 'Lipa', '2018-02-06 16:00:00', 2018, 175, 1),
(176, 'Clean Energy Workshop', 'Description for Youth Skills Training', '99864', 'Community', 'Lemery', '2020-03-02 16:00:00', 2020, 176, 3),
(177, 'Waste Management Initiative', 'Description for Tree Planting Drive', '30490', 'NGO', 'Nasugbu', '2023-01-06 16:00:00', 2023, 177, 17),
(178, 'Tree Planting Drive', 'Description for Water Conservation Project', '52052', 'Private', 'Malvar', '2021-05-21 16:00:00', 2021, 178, 8),
(179, 'Solar Panel Installation', 'Description for Clean Energy Workshop', '17414', 'Community', 'Lipa', '2018-09-13 16:00:00', 2018, 179, 9),
(180, 'Youth Skills Training', 'Description for Sustainable Agriculture Plan', '69222', 'NGO', 'Malvar', '2024-10-13 16:00:00', 2024, 180, 2),
(181, 'Recycling Program', 'Description for Sustainable Agriculture Plan', '62119', 'Government', 'Pablo Borbon', '2021-10-16 16:00:00', 2021, 181, 2),
(182, 'Clean Energy Workshop', 'Description for Water Conservation Project', '30833', 'Government', 'Pablo Borbon', '2021-09-22 16:00:00', 2021, 182, 15),
(183, 'Youth Skills Training', 'Description for Tree Planting Drive', '39449', 'NGO', 'Alangilan', '2018-11-01 16:00:00', 2018, 183, 10),
(184, 'Youth Skills Training', 'Description for Waste Management Initiative', '46004', 'Government', 'Alangilan', '2024-08-28 16:00:00', 2024, 184, 9),
(185, 'Community Health Campaign', 'Description for Solar Panel Installation', '17981', 'Private', 'Rosario', '2023-01-03 16:00:00', 2023, 185, 2),
(186, 'Tree Planting Drive', 'Description for Tree Planting Drive', '86782', 'Government', 'Alangilan', '2023-06-23 16:00:00', 2023, 186, 4),
(187, 'Solar Panel Installation', 'Description for Educational Outreach Program', '76380', 'Private', 'Alangilan', '2024-10-31 16:00:00', 2024, 187, 6),
(188, 'Waste Management Initiative', 'Description for Recycling Program', '69259', 'Private', 'Alangilan', '2023-01-08 16:00:00', 2023, 188, 14),
(189, 'Community Health Campaign', 'Description for Recycling Program', '26882', 'Government', 'Alangilan', '2023-04-11 16:00:00', 2023, 189, 11),
(190, 'Recycling Program', 'Description for Recycling Program', '53462', 'Government', 'Lipa', '2023-06-11 16:00:00', 2023, 190, 9),
(191, 'Recycling Program', 'Description for Recycling Program', '53644', 'NGO', 'Pablo Borbon', '2024-01-29 16:00:00', 2024, 191, 2),
(192, 'Clean Energy Workshop', 'Description for Waste Management Initiative', '78898', 'Community', 'Lipa', '2020-10-12 16:00:00', 2020, 192, 7),
(193, 'Sustainable Agriculture Plan', 'Description for Sustainable Agriculture Plan', '93149', 'NGO', 'Rosario', '2018-07-16 16:00:00', 2018, 193, 4),
(194, 'Sustainable Agriculture Plan', 'Description for Waste Management Initiative', '54285', 'Community', 'Malvar', '2018-04-05 16:00:00', 2018, 194, 12),
(195, 'Community Health Campaign', 'Description for Solar Panel Installation', '82649', 'Private', 'Alangilan', '2023-02-05 16:00:00', 2023, 195, 1),
(196, 'Waste Management Initiative', 'Description for Sustainable Agriculture Plan', '99540', 'Government', 'Lemery', '2024-05-19 16:00:00', 2024, 196, 3),
(197, 'Waste Management Initiative', 'Description for Tree Planting Drive', '46530', 'NGO', 'Malvar', '2023-06-24 16:00:00', 2023, 197, 10),
(198, 'Educational Outreach Program', 'Description for Community Health Campaign', '90013', 'NGO', 'Pablo Borbon', '2019-06-06 16:00:00', 2019, 198, 11),
(199, 'Sustainable Agriculture Plan', 'Description for Recycling Program', '41155', 'Private', 'Pablo Borbon', '2020-12-14 16:00:00', 2020, 199, 16),
(200, 'Clean Energy Workshop', 'Description for Waste Management Initiative', '40943', 'Government', 'Nasugbu', '2023-09-18 16:00:00', 2023, 200, 11),
(201, 'Youth Skills Training', 'Description for Recycling Program', '26333', 'Community', 'Lemery', '2020-04-13 16:00:00', 2020, 201, 8),
(202, 'Clean Energy Workshop', 'Description for Youth Skills Training', '76233', 'Government', 'Lemery', '2024-05-10 16:00:00', 2024, 202, 13),
(203, 'Educational Outreach Program', 'Description for Water Conservation Project', '86883', 'Community', 'Rosario', '2019-04-03 16:00:00', 2019, 203, 9),
(204, 'Community Health Campaign', 'Description for Community Health Campaign', '40705', 'Private', 'Nasugbu', '2019-09-13 16:00:00', 2019, 204, 11),
(205, 'Recycling Program', 'Description for Recycling Program', '92918', 'Private', 'Lemery', '2022-11-22 16:00:00', 2022, 205, 2),
(206, 'Youth Skills Training', 'Description for Clean Energy Workshop', '17504', 'Private', 'Nasugbu', '2021-03-15 16:00:00', 2021, 206, 8),
(207, 'Clean Energy Workshop', 'Description for Water Conservation Project', '67820', 'Government', 'Lipa', '2020-09-19 16:00:00', 2020, 207, 2),
(208, 'Educational Outreach Program', 'Description for Sustainable Agriculture Plan', '19151', 'NGO', 'Pablo Borbon', '2024-02-02 16:00:00', 2024, 208, 8),
(209, 'Waste Management Initiative', 'Description for Recycling Program', '65687', 'Government', 'Alangilan', '2022-11-02 16:00:00', 2022, 209, 10),
(210, 'Sustainable Agriculture Plan', 'Description for Community Health Campaign', '93132', 'Community', 'Rosario', '2021-08-30 16:00:00', 2021, 210, 13),
(211, 'Youth Skills Training', 'Description for Educational Outreach Program', '61960', 'Government', 'Nasugbu', '2021-04-19 16:00:00', 2021, 211, 15),
(212, 'Educational Outreach Program', 'Description for Community Health Campaign', '23236', 'Private', 'Alangilan', '2021-07-16 16:00:00', 2021, 212, 11),
(213, 'Sustainable Agriculture Plan', 'Description for Tree Planting Drive', '51176', 'NGO', 'Lipa', '2019-08-24 16:00:00', 2019, 213, 16),
(214, 'Sustainable Agriculture Plan', 'Description for Tree Planting Drive', '73496', 'Government', 'Lemery', '2020-11-28 16:00:00', 2020, 214, 3),
(215, 'Waste Management Initiative', 'Description for Youth Skills Training', '23201', 'Private', 'Pablo Borbon', '2018-05-18 16:00:00', 2018, 215, 15),
(216, 'Youth Skills Training', 'Description for Waste Management Initiative', '17523', 'NGO', 'Alangilan', '2023-06-14 16:00:00', 2023, 216, 12),
(217, 'Youth Skills Training', 'Description for Solar Panel Installation', '56936', 'Government', 'Lipa', '2022-07-24 16:00:00', 2022, 217, 16),
(218, 'Community Health Campaign', 'Description for Clean Energy Workshop', '72821', 'Government', 'Lipa', '2022-09-10 16:00:00', 2022, 218, 3),
(219, 'Waste Management Initiative', 'Description for Waste Management Initiative', '71658', 'Community', 'Lipa', '2018-12-02 16:00:00', 2018, 219, 1),
(220, 'Waste Management Initiative', 'Description for Water Conservation Project', '86088', 'Community', 'Nasugbu', '2019-01-16 16:00:00', 2019, 220, 15),
(221, 'Community Health Campaign', 'Description for Recycling Program', '65902', 'NGO', 'Nasugbu', '2019-01-16 16:00:00', 2019, 221, 7),
(222, 'Tree Planting Drive', 'Description for Tree Planting Drive', '21666', 'Government', 'Rosario', '2024-12-05 16:00:00', 2024, 222, 10),
(223, 'Youth Skills Training', 'Description for Youth Skills Training', '28113', 'Community', 'Alangilan', '2023-08-02 16:00:00', 2023, 223, 9),
(224, 'Tree Planting Drive', 'Description for Solar Panel Installation', '71031', 'Private', 'Lemery', '2023-08-20 16:00:00', 2023, 224, 15),
(225, 'Youth Skills Training', 'Description for Solar Panel Installation', '15353', 'NGO', 'Malvar', '2022-01-01 16:00:00', 2022, 225, 13),
(226, 'Waste Management Initiative', 'Description for Youth Skills Training', '73058', 'Government', 'Lemery', '2020-12-31 16:00:00', 2021, 226, 4),
(227, 'Solar Panel Installation', 'Description for Recycling Program', '20067', 'NGO', 'Pablo Borbon', '2020-03-26 16:00:00', 2020, 227, 14),
(228, 'Recycling Program', 'Description for Community Health Campaign', '47154', 'Government', 'Alangilan', '2022-03-11 16:00:00', 2022, 228, 16),
(229, 'Water Conservation Project', 'Description for Educational Outreach Program', '11274', 'NGO', 'Rosario', '2024-09-25 16:00:00', 2024, 229, 5),
(230, 'Clean Energy Workshop', 'Description for Tree Planting Drive', '22535', 'Community', 'Pablo Borbon', '2022-07-16 16:00:00', 2022, 230, 17),
(231, 'Recycling Program', 'Description for Community Health Campaign', '15288', 'Government', 'Nasugbu', '2018-02-25 16:00:00', 2018, 231, 3),
(232, 'Youth Skills Training', 'Description for Community Health Campaign', '89235', 'Government', 'Nasugbu', '2019-09-07 16:00:00', 2019, 232, 14),
(233, 'Youth Skills Training', 'Description for Water Conservation Project', '50167', 'Government', 'Rosario', '2024-04-04 16:00:00', 2024, 233, 5),
(234, 'Youth Skills Training', 'Description for Waste Management Initiative', '74059', 'Community', 'Malvar', '2018-06-21 16:00:00', 2018, 234, 7),
(235, 'Youth Skills Training', 'Description for Community Health Campaign', '82810', 'Community', 'Lipa', '2019-09-20 16:00:00', 2019, 235, 16),
(236, 'Tree Planting Drive', 'Description for Waste Management Initiative', '52037', 'Government', 'Pablo Borbon', '2018-12-16 16:00:00', 2018, 236, 11),
(237, 'Educational Outreach Program', 'Description for Community Health Campaign', '59342', 'NGO', 'Alangilan', '2019-03-03 16:00:00', 2019, 237, 12),
(238, 'Solar Panel Installation', 'Description for Waste Management Initiative', '40088', 'Government', 'Lipa', '2022-11-15 16:00:00', 2022, 238, 15),
(239, 'Recycling Program', 'Description for Educational Outreach Program', '22413', 'Government', 'Malvar', '2019-12-18 16:00:00', 2019, 239, 5),
(240, 'Water Conservation Project', 'Description for Youth Skills Training', '10359', 'Government', 'Lipa', '2018-03-20 16:00:00', 2018, 240, 16),
(241, 'Waste Management Initiative', 'Description for Water Conservation Project', '50529', 'Private', 'Lemery', '2024-05-20 16:00:00', 2024, 241, 15),
(242, 'Youth Skills Training', 'Description for Community Health Campaign', '23780', 'NGO', 'Malvar', '2021-01-08 16:00:00', 2021, 242, 16),
(243, 'Educational Outreach Program', 'Description for Clean Energy Workshop', '80122', 'Community', 'Nasugbu', '2021-06-29 16:00:00', 2021, 243, 8),
(244, 'Youth Skills Training', 'Description for Waste Management Initiative', '64775', 'Government', 'Malvar', '2018-11-24 16:00:00', 2018, 244, 2),
(245, 'Clean Energy Workshop', 'Description for Waste Management Initiative', '44784', 'Private', 'Rosario', '2023-02-12 16:00:00', 2023, 245, 14),
(246, 'Youth Skills Training', 'Description for Water Conservation Project', '55215', 'NGO', 'Nasugbu', '2021-06-21 16:00:00', 2021, 246, 16),
(247, 'Community Health Campaign', 'Description for Solar Panel Installation', '34580', 'Community', 'Lipa', '2021-03-06 16:00:00', 2021, 247, 14),
(248, 'Educational Outreach Program', 'Description for Recycling Program', '35113', 'NGO', 'Lemery', '2021-01-06 16:00:00', 2021, 248, 13),
(249, 'Sustainable Agriculture Plan', 'Description for Solar Panel Installation', '89357', 'NGO', 'Malvar', '2020-07-07 16:00:00', 2020, 249, 13),
(250, 'Educational Outreach Program', 'Description for Youth Skills Training', '92104', 'Government', 'Malvar', '2024-11-20 16:00:00', 2024, 250, 16),
(251, 'Community Health Campaign', 'Description for Water Conservation Project', '85435', 'NGO', 'Nasugbu', '2020-03-06 16:00:00', 2020, 251, 6),
(252, 'Tree Planting Drive', 'Description for Tree Planting Drive', '29262', 'Government', 'Rosario', '2023-11-18 16:00:00', 2023, 252, 13),
(253, 'Sustainable Agriculture Plan', 'Description for Waste Management Initiative', '89121', 'Private', 'Lipa', '2023-06-30 16:00:00', 2023, 253, 13),
(254, 'Water Conservation Project', 'Description for Solar Panel Installation', '76313', 'Community', 'Nasugbu', '2023-07-29 16:00:00', 2023, 254, 1),
(255, 'Recycling Program', 'Description for Educational Outreach Program', '74350', 'Private', 'Rosario', '2018-10-01 16:00:00', 2018, 255, 6),
(256, 'Community Health Campaign', 'Description for Solar Panel Installation', '53437', 'NGO', 'Alangilan', '2023-06-15 16:00:00', 2023, 256, 15),
(257, 'Water Conservation Project', 'Description for Water Conservation Project', '28795', 'NGO', 'Rosario', '2024-03-17 16:00:00', 2024, 257, 1),
(258, 'Youth Skills Training', 'Description for Community Health Campaign', '27284', 'Government', 'Lipa', '2018-09-04 16:00:00', 2018, 258, 1),
(259, 'Tree Planting Drive', 'Description for Tree Planting Drive', '35870', 'Government', 'Malvar', '2018-11-16 16:00:00', 2018, 259, 13),
(260, 'Waste Management Initiative', 'Description for Recycling Program', '85733', 'Private', 'Pablo Borbon', '2019-04-16 16:00:00', 2019, 260, 17),
(261, 'Clean Energy Workshop', 'Description for Clean Energy Workshop', '19770', 'Government', 'Lipa', '2019-11-22 16:00:00', 2019, 261, 5),
(262, 'Community Health Campaign', 'Description for Waste Management Initiative', '99002', 'Community', 'Malvar', '2021-11-19 16:00:00', 2021, 262, 16),
(263, 'Educational Outreach Program', 'Description for Youth Skills Training', '38242', 'Community', 'Rosario', '2023-03-10 16:00:00', 2023, 263, 15),
(264, 'Waste Management Initiative', 'Description for Community Health Campaign', '99624', 'Community', 'Nasugbu', '2020-05-08 16:00:00', 2020, 264, 5),
(265, 'Waste Management Initiative', 'Description for Waste Management Initiative', '27705', 'Community', 'Malvar', '2018-01-26 16:00:00', 2018, 265, 11),
(266, 'Waste Management Initiative', 'Description for Solar Panel Installation', '83404', 'NGO', 'Rosario', '2018-08-23 16:00:00', 2018, 266, 6),
(267, 'Youth Skills Training', 'Description for Youth Skills Training', '68225', 'Government', 'Nasugbu', '2022-11-15 16:00:00', 2022, 267, 7),
(268, 'Clean Energy Workshop', 'Description for Water Conservation Project', '96619', 'NGO', 'Pablo Borbon', '2018-05-21 16:00:00', 2018, 268, 8),
(269, 'Community Health Campaign', 'Description for Tree Planting Drive', '83010', 'NGO', 'Lipa', '2019-04-24 16:00:00', 2019, 269, 12),
(270, 'Clean Energy Workshop', 'Description for Waste Management Initiative', '36820', 'Government', 'Pablo Borbon', '2020-07-28 16:00:00', 2020, 270, 1),
(271, 'Community Health Campaign', 'Description for Clean Energy Workshop', '42974', 'NGO', 'Lemery', '2018-08-24 16:00:00', 2018, 271, 8),
(272, 'Clean Energy Workshop', 'Description for Solar Panel Installation', '43064', 'NGO', 'Lemery', '2021-05-27 16:00:00', 2021, 272, 1),
(273, 'Water Conservation Project', 'Description for Educational Outreach Program', '49077', 'NGO', 'Nasugbu', '2020-01-09 16:00:00', 2020, 273, 9),
(274, 'Recycling Program', 'Description for Recycling Program', '79780', 'Community', 'Lemery', '2022-08-04 16:00:00', 2022, 274, 10),
(275, 'Clean Energy Workshop', 'Description for Youth Skills Training', '79903', 'NGO', 'Pablo Borbon', '2022-06-21 16:00:00', 2022, 275, 15),
(276, 'Sustainable Agriculture Plan', 'Description for Educational Outreach Program', '35838', 'Private', 'Lemery', '2023-12-21 16:00:00', 2023, 276, 9),
(277, 'Educational Outreach Program', 'Description for Community Health Campaign', '64867', 'Private', 'Lipa', '2020-09-09 16:00:00', 2020, 277, 12),
(278, 'Recycling Program', 'Description for Recycling Program', '19359', 'Community', 'Nasugbu', '2021-02-16 16:00:00', 2021, 278, 10),
(279, 'Clean Energy Workshop', 'Description for Clean Energy Workshop', '21491', 'NGO', 'Rosario', '2021-11-29 16:00:00', 2021, 279, 16),
(280, 'Tree Planting Drive', 'Description for Educational Outreach Program', '45385', 'Private', 'Lemery', '2024-08-08 16:00:00', 2024, 280, 9),
(281, 'Tree Planting Drive', 'Description for Tree Planting Drive', '11834', 'Government', 'Nasugbu', '2022-09-24 16:00:00', 2022, 281, 17),
(282, 'Water Conservation Project', 'Description for Recycling Program', '43041', 'Community', 'Rosario', '2018-04-27 16:00:00', 2018, 282, 12),
(283, 'Youth Skills Training', 'Description for Tree Planting Drive', '29483', 'Government', 'Pablo Borbon', '2018-09-17 16:00:00', 2018, 283, 7),
(284, 'Water Conservation Project', 'Description for Sustainable Agriculture Plan', '92590', 'Private', 'Pablo Borbon', '2020-10-09 16:00:00', 2020, 284, 15),
(285, 'Waste Management Initiative', 'Description for Educational Outreach Program', '80303', 'Private', 'Lipa', '2018-08-17 16:00:00', 2018, 285, 5),
(286, 'Tree Planting Drive', 'Description for Recycling Program', '22738', 'Government', 'Malvar', '2018-02-09 16:00:00', 2018, 286, 11),
(287, 'Waste Management Initiative', 'Description for Sustainable Agriculture Plan', '66668', 'Community', 'Alangilan', '2018-08-18 16:00:00', 2018, 287, 14),
(288, 'Waste Management Initiative', 'Description for Tree Planting Drive', '45685', 'NGO', 'Nasugbu', '2021-11-05 16:00:00', 2021, 288, 9),
(289, 'Water Conservation Project', 'Description for Recycling Program', '81162', 'Government', 'Lemery', '2019-04-11 16:00:00', 2019, 289, 1),
(290, 'Clean Energy Workshop', 'Description for Water Conservation Project', '64234', 'Community', 'Alangilan', '2022-10-29 16:00:00', 2022, 290, 9),
(291, 'Solar Panel Installation', 'Description for Water Conservation Project', '30840', 'Community', 'Rosario', '2019-11-19 16:00:00', 2019, 291, 14),
(292, 'Clean Energy Workshop', 'Description for Clean Energy Workshop', '30893', 'Community', 'Nasugbu', '2019-02-26 16:00:00', 2019, 292, 17),
(293, 'Youth Skills Training', 'Description for Community Health Campaign', '68696', 'Community', 'Malvar', '2018-03-07 16:00:00', 2018, 293, 2),
(294, 'Clean Energy Workshop', 'Description for Solar Panel Installation', '73452', 'Private', 'Lipa', '2021-01-06 16:00:00', 2021, 294, 9),
(295, 'Tree Planting Drive', 'Description for Recycling Program', '35300', 'Community', 'Lipa', '2022-02-25 16:00:00', 2022, 295, 16),
(296, 'Youth Skills Training', 'Description for Educational Outreach Program', '36985', 'Private', 'Lipa', '2018-11-15 16:00:00', 2018, 296, 6),
(297, 'Clean Energy Workshop', 'Description for Solar Panel Installation', '27322', 'NGO', 'Rosario', '2020-01-01 16:00:00', 2020, 297, 14),
(298, 'Sustainable Agriculture Plan', 'Description for Sustainable Agriculture Plan', '44139', 'Government', 'Rosario', '2019-12-16 16:00:00', 2019, 298, 13),
(299, 'Sustainable Agriculture Plan', 'Description for Clean Energy Workshop', '79218', 'Community', 'Lemery', '2018-11-16 16:00:00', 2018, 299, 10),
(300, 'Sustainable Agriculture Plan', 'Description for Clean Energy Workshop', '89462', 'NGO', 'Lipa', '2022-04-14 16:00:00', 2022, 300, 2),
(301, 'Waste Management Initiative', 'Description for Educational Outreach Program', '49738', 'Private', 'Lemery', '2023-01-15 16:00:00', 2023, 301, 17),
(302, 'Clean Energy Workshop', 'Description for Clean Energy Workshop', '91123', 'Private', 'Pablo Borbon', '2020-06-30 16:00:00', 2020, 302, 11),
(303, 'Waste Management Initiative', 'Description for Youth Skills Training', '48115', 'NGO', 'Nasugbu', '2023-12-12 16:00:00', 2023, 303, 1),
(304, 'Waste Management Initiative', 'Description for Solar Panel Installation', '29790', 'Government', 'Rosario', '2021-11-06 16:00:00', 2021, 304, 10),
(305, 'Water Conservation Project', 'Description for Educational Outreach Program', '93133', 'Government', 'Malvar', '2018-01-25 16:00:00', 2018, 305, 3),
(306, 'Tree Planting Drive', 'Description for Clean Energy Workshop', '78158', 'Private', 'Alangilan', '2024-01-12 16:00:00', 2024, 306, 17),
(307, 'Sustainable Agriculture Plan', 'Description for Community Health Campaign', '65780', 'Government', 'Nasugbu', '2024-06-03 16:00:00', 2024, 307, 17),
(308, 'Community Health Campaign', 'Description for Waste Management Initiative', '41268', 'Government', 'Pablo Borbon', '2022-01-25 16:00:00', 2022, 308, 3),
(309, 'Waste Management Initiative', 'Description for Youth Skills Training', '47838', 'Community', 'Alangilan', '2018-09-27 16:00:00', 2018, 309, 1),
(310, 'Sustainable Agriculture Plan', 'Description for Tree Planting Drive', '42671', 'Government', 'Alangilan', '2020-09-12 16:00:00', 2020, 310, 17),
(311, 'Waste Management Initiative', 'Description for Tree Planting Drive', '97870', 'NGO', 'Lipa', '2022-01-30 16:00:00', 2022, 311, 16),
(312, 'Waste Management Initiative', 'Description for Solar Panel Installation', '17555', 'Government', 'Alangilan', '2023-02-07 16:00:00', 2023, 312, 16),
(313, 'Youth Skills Training', 'Description for Waste Management Initiative', '58737', 'Private', 'Lemery', '2019-10-25 16:00:00', 2019, 313, 15),
(314, 'Community Health Campaign', 'Description for Waste Management Initiative', '60254', 'Community', 'Lipa', '2019-02-23 16:00:00', 2019, 314, 14),
(315, 'Clean Energy Workshop', 'Description for Tree Planting Drive', '43539', 'Community', 'Lipa', '2023-09-29 16:00:00', 2023, 315, 3),
(316, 'Solar Panel Installation', 'Description for Waste Management Initiative', '16944', 'Government', 'Rosario', '2019-09-09 16:00:00', 2019, 316, 4),
(317, 'Youth Skills Training', 'Description for Water Conservation Project', '33417', 'NGO', 'Pablo Borbon', '2024-06-04 16:00:00', 2024, 317, 14),
(318, 'Recycling Program', 'Description for Sustainable Agriculture Plan', '84639', 'Community', 'Lemery', '2018-05-09 16:00:00', 2018, 318, 11),
(319, 'Tree Planting Drive', 'Description for Educational Outreach Program', '21442', 'NGO', 'Nasugbu', '2021-06-09 16:00:00', 2021, 319, 13),
(320, 'Community Health Campaign', 'Description for Tree Planting Drive', '61459', 'Community', 'Lipa', '2018-04-08 16:00:00', 2018, 320, 10),
(321, 'Water Conservation Project', 'Description for Tree Planting Drive', '65878', 'Community', 'Malvar', '2021-02-21 16:00:00', 2021, 321, 9),
(322, 'Youth Skills Training', 'Description for Clean Energy Workshop', '17730', 'NGO', 'Lipa', '2021-12-16 16:00:00', 2021, 322, 15),
(323, 'Youth Skills Training', 'Description for Recycling Program', '57195', 'Community', 'Malvar', '2024-11-01 16:00:00', 2024, 323, 1),
(324, 'Waste Management Initiative', 'Description for Water Conservation Project', '79562', 'Government', 'Lemery', '2022-04-09 16:00:00', 2022, 324, 16),
(325, 'Tree Planting Drive', 'Description for Solar Panel Installation', '20275', 'Community', 'Lipa', '2024-01-18 16:00:00', 2024, 325, 16),
(326, 'Solar Panel Installation', 'Description for Educational Outreach Program', '41410', 'Government', 'Lemery', '2021-12-21 16:00:00', 2021, 326, 2),
(327, 'Clean Energy Workshop', 'Description for Waste Management Initiative', '56791', 'Private', 'Nasugbu', '2023-05-25 16:00:00', 2023, 327, 10),
(328, 'Clean Energy Workshop', 'Description for Waste Management Initiative', '10366', 'Government', 'Rosario', '2019-06-24 16:00:00', 2019, 328, 10),
(329, 'Educational Outreach Program', 'Description for Educational Outreach Program', '62482', 'NGO', 'Pablo Borbon', '2018-01-08 16:00:00', 2018, 329, 8),
(330, 'Waste Management Initiative', 'Description for Solar Panel Installation', '68091', 'NGO', 'Lipa', '2023-05-23 16:00:00', 2023, 330, 4),
(331, 'Tree Planting Drive', 'Description for Water Conservation Project', '24083', 'Private', 'Nasugbu', '2024-12-14 16:00:00', 2024, 331, 13),
(332, 'Water Conservation Project', 'Description for Sustainable Agriculture Plan', '25555', 'Private', 'Alangilan', '2023-05-12 16:00:00', 2023, 332, 7),
(333, 'Sustainable Agriculture Plan', 'Description for Solar Panel Installation', '47715', 'Community', 'Rosario', '2023-08-09 16:00:00', 2023, 333, 9),
(334, 'Educational Outreach Program', 'Description for Waste Management Initiative', '90056', 'Private', 'Lemery', '2024-11-28 16:00:00', 2024, 334, 2),
(335, 'Water Conservation Project', 'Description for Educational Outreach Program', '97163', 'NGO', 'Pablo Borbon', '2020-06-09 16:00:00', 2020, 335, 10),
(336, 'Community Health Campaign', 'Description for Educational Outreach Program', '14603', 'Community', 'Lemery', '2023-01-22 16:00:00', 2023, 336, 10),
(337, 'Community Health Campaign', 'Description for Educational Outreach Program', '90798', 'Community', 'Alangilan', '2021-03-24 16:00:00', 2021, 337, 16),
(338, 'Community Health Campaign', 'Description for Waste Management Initiative', '88535', 'NGO', 'Lipa', '2020-10-31 16:00:00', 2020, 338, 15),
(339, 'Water Conservation Project', 'Description for Clean Energy Workshop', '24281', 'Government', 'Nasugbu', '2022-01-05 16:00:00', 2022, 339, 5),
(340, 'Tree Planting Drive', 'Description for Community Health Campaign', '12407', 'Community', 'Pablo Borbon', '2024-11-16 16:00:00', 2024, 340, 3),
(341, 'Tree Planting Drive', 'Description for Community Health Campaign', '72806', 'NGO', 'Malvar', '2018-02-18 16:00:00', 2018, 341, 12),
(342, 'Clean Energy Workshop', 'Description for Educational Outreach Program', '36988', 'Community', 'Malvar', '2020-01-17 16:00:00', 2020, 342, 9),
(343, 'Clean Energy Workshop', 'Description for Youth Skills Training', '73744', 'Community', 'Alangilan', '2023-12-31 16:00:00', 2024, 343, 14),
(344, 'Solar Panel Installation', 'Description for Recycling Program', '55363', 'Private', 'Rosario', '2020-06-14 16:00:00', 2020, 344, 11);
INSERT INTO `tb_participation_content` (`participation_content_id`, `title_ppa`, `description`, `total_cost`, `fund_source`, `campus`, `created_at`, `created_year`, `participation_id`, `sdg_ID`) VALUES
(345, 'Solar Panel Installation', 'Description for Community Health Campaign', '50081', 'Government', 'Pablo Borbon', '2024-07-29 16:00:00', 2024, 345, 15),
(346, 'Clean Energy Workshop', 'Description for Solar Panel Installation', '39922', 'NGO', 'Rosario', '2020-03-08 16:00:00', 2020, 346, 3),
(347, 'Recycling Program', 'Description for Youth Skills Training', '51572', 'NGO', 'Lemery', '2024-06-28 16:00:00', 2024, 347, 4),
(348, 'Sustainable Agriculture Plan', 'Description for Recycling Program', '43036', 'Community', 'Lemery', '2022-08-17 16:00:00', 2022, 348, 12),
(349, 'Water Conservation Project', 'Description for Solar Panel Installation', '19465', 'NGO', 'Malvar', '2020-02-15 16:00:00', 2020, 349, 11),
(350, 'Water Conservation Project', 'Description for Sustainable Agriculture Plan', '72670', 'Community', 'Lemery', '2018-07-13 16:00:00', 2018, 350, 5),
(351, 'Sustainable Agriculture Plan', 'Description for Educational Outreach Program', '12054', 'Private', 'Nasugbu', '2023-01-12 16:00:00', 2023, 351, 12),
(352, 'Sustainable Agriculture Plan', 'Description for Youth Skills Training', '65110', 'Community', 'Lemery', '2023-06-12 16:00:00', 2023, 352, 12),
(353, 'Educational Outreach Program', 'Description for Waste Management Initiative', '36226', 'Community', 'Lemery', '2024-12-02 16:00:00', 2024, 353, 1),
(354, 'Water Conservation Project', 'Description for Sustainable Agriculture Plan', '60645', 'NGO', 'Nasugbu', '2021-02-26 16:00:00', 2021, 354, 2),
(355, 'Solar Panel Installation', 'Description for Waste Management Initiative', '63277', 'Government', 'Rosario', '2019-11-22 16:00:00', 2019, 355, 1),
(356, 'Youth Skills Training', 'Description for Recycling Program', '15663', 'Private', 'Malvar', '2020-04-08 16:00:00', 2020, 356, 10),
(357, 'Educational Outreach Program', 'Description for Water Conservation Project', '79933', 'Government', 'Malvar', '2023-08-23 16:00:00', 2023, 357, 17),
(358, 'Water Conservation Project', 'Description for Educational Outreach Program', '62991', 'Private', 'Lipa', '2018-02-27 16:00:00', 2018, 358, 13),
(359, 'Solar Panel Installation', 'Description for Educational Outreach Program', '24339', 'Private', 'Rosario', '2023-06-21 16:00:00', 2023, 359, 13),
(360, 'Youth Skills Training', 'Description for Solar Panel Installation', '58032', 'Private', 'Alangilan', '2021-12-11 16:00:00', 2021, 360, 5),
(361, 'Clean Energy Workshop', 'Description for Solar Panel Installation', '54929', 'NGO', 'Malvar', '2020-05-19 16:00:00', 2020, 361, 6),
(362, 'Educational Outreach Program', 'Description for Community Health Campaign', '98833', 'Government', 'Pablo Borbon', '2020-10-04 16:00:00', 2020, 362, 5),
(363, 'Solar Panel Installation', 'Description for Recycling Program', '30528', 'Community', 'Rosario', '2020-06-25 16:00:00', 2020, 363, 5),
(364, 'Clean Energy Workshop', 'Description for Youth Skills Training', '83870', 'Private', 'Nasugbu', '2022-09-10 16:00:00', 2022, 364, 2),
(365, 'Educational Outreach Program', 'Description for Clean Energy Workshop', '37489', 'Community', 'Lipa', '2024-06-24 16:00:00', 2024, 365, 8),
(366, 'Youth Skills Training', 'Description for Solar Panel Installation', '84788', 'Government', 'Alangilan', '2023-05-08 16:00:00', 2023, 366, 15),
(367, 'Water Conservation Project', 'Description for Sustainable Agriculture Plan', '28854', 'NGO', 'Malvar', '2018-03-21 16:00:00', 2018, 367, 16),
(368, 'Solar Panel Installation', 'Description for Youth Skills Training', '17243', 'NGO', 'Alangilan', '2019-04-02 16:00:00', 2019, 368, 6),
(369, 'Community Health Campaign', 'Description for Youth Skills Training', '74386', 'Community', 'Malvar', '2018-06-28 16:00:00', 2018, 369, 7),
(370, 'Tree Planting Drive', 'Description for Tree Planting Drive', '21941', 'Government', 'Pablo Borbon', '2019-05-17 16:00:00', 2019, 370, 1),
(371, 'Solar Panel Installation', 'Description for Waste Management Initiative', '68482', 'Government', 'Alangilan', '2023-03-18 16:00:00', 2023, 371, 6),
(372, 'Youth Skills Training', 'Description for Youth Skills Training', '67094', 'Community', 'Lipa', '2024-08-12 16:00:00', 2024, 372, 10),
(373, 'Tree Planting Drive', 'Description for Educational Outreach Program', '26055', 'NGO', 'Lipa', '2019-11-27 16:00:00', 2019, 373, 4),
(374, 'Water Conservation Project', 'Description for Community Health Campaign', '28270', 'Community', 'Malvar', '2024-02-13 16:00:00', 2024, 374, 13),
(375, 'Clean Energy Workshop', 'Description for Tree Planting Drive', '93570', 'Community', 'Lipa', '2022-09-17 16:00:00', 2022, 375, 7),
(376, 'Educational Outreach Program', 'Description for Solar Panel Installation', '87024', 'Community', 'Rosario', '2019-03-09 16:00:00', 2019, 376, 4),
(377, 'Tree Planting Drive', 'Description for Clean Energy Workshop', '95682', 'Community', 'Alangilan', '2022-06-28 16:00:00', 2022, 377, 13),
(378, 'Community Health Campaign', 'Description for Community Health Campaign', '52238', 'NGO', 'Nasugbu', '2019-11-10 16:00:00', 2019, 378, 4),
(379, 'Tree Planting Drive', 'Description for Recycling Program', '16279', 'Private', 'Rosario', '2023-12-13 16:00:00', 2023, 379, 3),
(380, 'Tree Planting Drive', 'Description for Youth Skills Training', '51199', 'Private', 'Malvar', '2018-11-15 16:00:00', 2018, 380, 9),
(381, 'Community Health Campaign', 'Description for Tree Planting Drive', '48479', 'Private', 'Nasugbu', '2022-10-20 16:00:00', 2022, 381, 17),
(382, 'Waste Management Initiative', 'Description for Tree Planting Drive', '12089', 'Community', 'Nasugbu', '2024-06-15 16:00:00', 2024, 382, 8),
(383, 'Recycling Program', 'Description for Sustainable Agriculture Plan', '34274', 'Community', 'Alangilan', '2024-02-28 16:00:00', 2024, 383, 16),
(384, 'Solar Panel Installation', 'Description for Recycling Program', '81001', 'Community', 'Pablo Borbon', '2023-05-23 16:00:00', 2023, 384, 7),
(385, 'Youth Skills Training', 'Description for Tree Planting Drive', '74044', 'NGO', 'Lemery', '2022-01-19 16:00:00', 2022, 385, 15),
(386, 'Solar Panel Installation', 'Description for Youth Skills Training', '31267', 'Government', 'Alangilan', '2020-07-29 16:00:00', 2020, 386, 3),
(387, 'Water Conservation Project', 'Description for Sustainable Agriculture Plan', '29095', 'Private', 'Rosario', '2024-10-04 16:00:00', 2024, 387, 14),
(388, 'Recycling Program', 'Description for Recycling Program', '26014', 'NGO', 'Lipa', '2018-12-07 16:00:00', 2018, 388, 2),
(389, 'Water Conservation Project', 'Description for Water Conservation Project', '96277', 'NGO', 'Lipa', '2020-09-22 16:00:00', 2020, 389, 5),
(390, 'Water Conservation Project', 'Description for Sustainable Agriculture Plan', '96543', 'Community', 'Pablo Borbon', '2019-12-04 16:00:00', 2019, 390, 11),
(391, 'Tree Planting Drive', 'Description for Recycling Program', '72264', 'Community', 'Pablo Borbon', '2019-08-15 16:00:00', 2019, 391, 13),
(392, 'Educational Outreach Program', 'Description for Clean Energy Workshop', '73695', 'Government', 'Pablo Borbon', '2021-08-20 16:00:00', 2021, 392, 16),
(393, 'Community Health Campaign', 'Description for Community Health Campaign', '85909', 'Private', 'Lemery', '2020-10-12 16:00:00', 2020, 393, 12),
(394, 'Water Conservation Project', 'Description for Community Health Campaign', '77312', 'Private', 'Lipa', '2018-09-07 16:00:00', 2018, 394, 10),
(395, 'Solar Panel Installation', 'Description for Water Conservation Project', '37168', 'NGO', 'Lipa', '2018-09-21 16:00:00', 2018, 395, 4),
(396, 'Solar Panel Installation', 'Description for Tree Planting Drive', '21219', 'NGO', 'Rosario', '2021-11-12 16:00:00', 2021, 396, 11),
(397, 'Waste Management Initiative', 'Description for Water Conservation Project', '27283', 'Government', 'Lemery', '2023-03-28 16:00:00', 2023, 397, 3),
(398, 'Sustainable Agriculture Plan', 'Description for Water Conservation Project', '87885', 'Community', 'Rosario', '2019-10-04 16:00:00', 2019, 398, 3),
(399, 'Educational Outreach Program', 'Description for Tree Planting Drive', '82067', 'Private', 'Rosario', '2018-07-01 16:00:00', 2018, 399, 17),
(400, 'Community Health Campaign', 'Description for Sustainable Agriculture Plan', '58704', 'Community', 'Malvar', '2020-06-15 16:00:00', 2020, 400, 8),
(401, 'Waste Management Initiative', 'Description for Water Conservation Project', '36488', 'Community', 'Rosario', '2022-11-13 16:00:00', 2022, 401, 7),
(402, 'Waste Management Initiative', 'Description for Clean Energy Workshop', '17209', 'Private', 'Lipa', '2021-10-01 16:00:00', 2021, 402, 13),
(403, 'Water Conservation Project', 'Description for Sustainable Agriculture Plan', '97962', 'NGO', 'Pablo Borbon', '2018-02-01 16:00:00', 2018, 403, 5),
(404, 'Sustainable Agriculture Plan', 'Description for Youth Skills Training', '99058', 'Community', 'Malvar', '2018-09-28 16:00:00', 2018, 404, 4),
(405, 'Sustainable Agriculture Plan', 'Description for Sustainable Agriculture Plan', '65873', 'Community', 'Malvar', '2018-07-01 16:00:00', 2018, 405, 2),
(406, 'Youth Skills Training', 'Description for Sustainable Agriculture Plan', '15091', 'Community', 'Lipa', '2020-04-06 16:00:00', 2020, 406, 1),
(407, 'Waste Management Initiative', 'Description for Water Conservation Project', '78654', 'Government', 'Rosario', '2021-01-10 16:00:00', 2021, 407, 3),
(408, 'Educational Outreach Program', 'Description for Recycling Program', '85397', 'Private', 'Pablo Borbon', '2021-08-11 16:00:00', 2021, 408, 3),
(409, 'Educational Outreach Program', 'Description for Clean Energy Workshop', '93021', 'Private', 'Malvar', '2020-06-17 16:00:00', 2020, 409, 12),
(410, 'Water Conservation Project', 'Description for Waste Management Initiative', '31645', 'NGO', 'Lemery', '2020-09-24 16:00:00', 2020, 410, 14),
(411, 'Community Health Campaign', 'Description for Waste Management Initiative', '71054', 'Private', 'Malvar', '2021-09-04 16:00:00', 2021, 411, 11),
(412, 'Waste Management Initiative', 'Description for Solar Panel Installation', '45423', 'Private', 'Nasugbu', '2019-04-06 16:00:00', 2019, 412, 11),
(413, 'Solar Panel Installation', 'Description for Recycling Program', '50266', 'Private', 'Lemery', '2024-02-04 16:00:00', 2024, 413, 2),
(414, 'Community Health Campaign', 'Description for Recycling Program', '72361', 'NGO', 'Alangilan', '2024-06-17 16:00:00', 2024, 414, 10),
(415, 'Solar Panel Installation', 'Description for Sustainable Agriculture Plan', '23589', 'Private', 'Lipa', '2024-12-20 16:00:00', 2024, 415, 9),
(416, 'Sustainable Agriculture Plan', 'Description for Recycling Program', '23432', 'Community', 'Lipa', '2019-11-20 16:00:00', 2019, 416, 15),
(417, 'Educational Outreach Program', 'Description for Educational Outreach Program', '25350', 'NGO', 'Malvar', '2020-09-26 16:00:00', 2020, 417, 8),
(418, 'Water Conservation Project', 'Description for Educational Outreach Program', '74070', 'Government', 'Rosario', '2018-10-16 16:00:00', 2018, 418, 6),
(419, 'Youth Skills Training', 'Description for Water Conservation Project', '36443', 'Community', 'Malvar', '2021-01-22 16:00:00', 2021, 419, 1),
(420, 'Waste Management Initiative', 'Description for Water Conservation Project', '16563', 'Government', 'Lemery', '2018-01-21 16:00:00', 2018, 420, 14),
(421, 'Youth Skills Training', 'Description for Tree Planting Drive', '28070', 'Community', 'Pablo Borbon', '2021-08-04 16:00:00', 2021, 421, 6),
(422, 'Waste Management Initiative', 'Description for Waste Management Initiative', '25629', 'NGO', 'Lemery', '2018-05-31 16:00:00', 2018, 422, 2),
(423, 'Solar Panel Installation', 'Description for Solar Panel Installation', '83102', 'Private', 'Alangilan', '2020-01-09 16:00:00', 2020, 423, 17),
(424, 'Water Conservation Project', 'Description for Waste Management Initiative', '84634', 'Community', 'Malvar', '2021-06-02 16:00:00', 2021, 424, 16),
(425, 'Tree Planting Drive', 'Description for Community Health Campaign', '46209', 'Community', 'Malvar', '2020-05-14 16:00:00', 2020, 425, 4),
(426, 'Clean Energy Workshop', 'Description for Clean Energy Workshop', '91612', 'Government', 'Rosario', '2021-10-20 16:00:00', 2021, 426, 7),
(427, 'Tree Planting Drive', 'Description for Waste Management Initiative', '48561', 'NGO', 'Lipa', '2020-01-20 16:00:00', 2020, 427, 11),
(428, 'Educational Outreach Program', 'Description for Community Health Campaign', '32196', 'Government', 'Alangilan', '2020-11-25 16:00:00', 2020, 428, 9),
(429, 'Youth Skills Training', 'Description for Educational Outreach Program', '81781', 'Community', 'Pablo Borbon', '2019-07-14 16:00:00', 2019, 429, 5),
(430, 'Sustainable Agriculture Plan', 'Description for Sustainable Agriculture Plan', '35082', 'Private', 'Lipa', '2023-11-09 16:00:00', 2023, 430, 14),
(431, 'Recycling Program', 'Description for Water Conservation Project', '15825', 'Community', 'Rosario', '2020-10-23 16:00:00', 2020, 431, 8),
(432, 'Community Health Campaign', 'Description for Water Conservation Project', '19241', 'Private', 'Lemery', '2023-04-01 16:00:00', 2023, 432, 2),
(433, 'Educational Outreach Program', 'Description for Educational Outreach Program', '55054', 'Government', 'Malvar', '2020-10-10 16:00:00', 2020, 433, 13),
(434, 'Sustainable Agriculture Plan', 'Description for Solar Panel Installation', '76954', 'NGO', 'Lemery', '2022-04-09 16:00:00', 2022, 434, 2),
(435, 'Solar Panel Installation', 'Description for Youth Skills Training', '21014', 'Government', 'Lipa', '2020-01-22 16:00:00', 2020, 435, 15),
(436, 'Educational Outreach Program', 'Description for Waste Management Initiative', '91882', 'Community', 'Lemery', '2018-04-25 16:00:00', 2018, 436, 12),
(437, 'Recycling Program', 'Description for Educational Outreach Program', '43290', 'Government', 'Nasugbu', '2018-06-03 16:00:00', 2018, 437, 14),
(438, 'Clean Energy Workshop', 'Description for Youth Skills Training', '70847', 'Community', 'Malvar', '2019-06-06 16:00:00', 2019, 438, 5),
(439, 'Educational Outreach Program', 'Description for Solar Panel Installation', '53733', 'Government', 'Nasugbu', '2021-04-02 16:00:00', 2021, 439, 10),
(440, 'Recycling Program', 'Description for Clean Energy Workshop', '78222', 'Community', 'Rosario', '2023-05-06 16:00:00', 2023, 440, 15),
(441, 'Water Conservation Project', 'Description for Sustainable Agriculture Plan', '74815', 'Community', 'Pablo Borbon', '2018-10-22 16:00:00', 2018, 441, 17),
(442, 'Tree Planting Drive', 'Description for Sustainable Agriculture Plan', '93673', 'Community', 'Alangilan', '2022-09-22 16:00:00', 2022, 442, 1),
(443, 'Solar Panel Installation', 'Description for Tree Planting Drive', '14993', 'NGO', 'Lipa', '2019-09-16 16:00:00', 2019, 443, 15),
(444, 'Water Conservation Project', 'Description for Community Health Campaign', '42475', 'NGO', 'Lipa', '2023-05-14 16:00:00', 2023, 444, 1),
(445, 'Water Conservation Project', 'Description for Tree Planting Drive', '70878', 'Private', 'Pablo Borbon', '2023-04-13 16:00:00', 2023, 445, 10),
(446, 'Waste Management Initiative', 'Description for Tree Planting Drive', '21030', 'NGO', 'Pablo Borbon', '2018-02-05 16:00:00', 2018, 446, 5),
(447, 'Educational Outreach Program', 'Description for Sustainable Agriculture Plan', '70249', 'Government', 'Nasugbu', '2023-01-01 16:00:00', 2023, 447, 8),
(448, 'Recycling Program', 'Description for Educational Outreach Program', '64682', 'Community', 'Lipa', '2023-03-23 16:00:00', 2023, 448, 6),
(449, 'Waste Management Initiative', 'Description for Recycling Program', '24682', 'Private', 'Alangilan', '2021-09-26 16:00:00', 2021, 449, 5),
(450, 'Sustainable Agriculture Plan', 'Description for Recycling Program', '84162', 'Community', 'Malvar', '2024-02-26 16:00:00', 2024, 450, 11),
(451, 'Sustainable Agriculture Plan', 'Description for Clean Energy Workshop', '46373', 'Community', 'Malvar', '2023-09-17 16:00:00', 2023, 451, 1),
(452, 'Waste Management Initiative', 'Description for Waste Management Initiative', '86871', 'Government', 'Lipa', '2021-12-21 16:00:00', 2021, 452, 8),
(453, 'Clean Energy Workshop', 'Description for Tree Planting Drive', '36533', 'NGO', 'Lemery', '2024-10-07 16:00:00', 2024, 453, 11),
(454, 'Solar Panel Installation', 'Description for Sustainable Agriculture Plan', '72155', 'Community', 'Alangilan', '2023-04-24 16:00:00', 2023, 454, 1),
(455, 'Community Health Campaign', 'Description for Youth Skills Training', '94534', 'Government', 'Malvar', '2022-11-01 16:00:00', 2022, 455, 8),
(456, 'Sustainable Agriculture Plan', 'Description for Tree Planting Drive', '64652', 'Government', 'Lipa', '2019-01-23 16:00:00', 2019, 456, 11),
(457, 'Clean Energy Workshop', 'Description for Clean Energy Workshop', '70254', 'Community', 'Malvar', '2023-04-18 16:00:00', 2023, 457, 4),
(458, 'Educational Outreach Program', 'Description for Community Health Campaign', '12734', 'Government', 'Malvar', '2019-06-26 16:00:00', 2019, 458, 10),
(459, 'Educational Outreach Program', 'Description for Recycling Program', '36498', 'Private', 'Rosario', '2021-05-17 16:00:00', 2021, 459, 7),
(460, 'Solar Panel Installation', 'Description for Community Health Campaign', '98492', 'Community', 'Malvar', '2023-06-06 16:00:00', 2023, 460, 4),
(461, 'Solar Panel Installation', 'Description for Tree Planting Drive', '51309', 'Community', 'Lemery', '2024-09-03 16:00:00', 2024, 461, 13),
(462, 'Water Conservation Project', 'Description for Community Health Campaign', '43653', 'Government', 'Malvar', '2024-02-19 16:00:00', 2024, 462, 17),
(463, 'Tree Planting Drive', 'Description for Community Health Campaign', '91687', 'NGO', 'Rosario', '2022-03-03 16:00:00', 2022, 463, 6),
(464, 'Solar Panel Installation', 'Description for Water Conservation Project', '55082', 'Government', 'Lipa', '2024-03-31 16:00:00', 2024, 464, 8),
(465, 'Water Conservation Project', 'Description for Sustainable Agriculture Plan', '22830', 'Government', 'Nasugbu', '2021-12-12 16:00:00', 2021, 465, 17),
(466, 'Educational Outreach Program', 'Description for Clean Energy Workshop', '46703', 'Private', 'Lemery', '2022-05-22 16:00:00', 2022, 466, 17),
(467, 'Community Health Campaign', 'Description for Clean Energy Workshop', '47218', 'Private', 'Nasugbu', '2021-08-03 16:00:00', 2021, 467, 13),
(468, 'Educational Outreach Program', 'Description for Sustainable Agriculture Plan', '34317', 'Private', 'Lemery', '2021-08-21 16:00:00', 2021, 468, 8),
(469, 'Sustainable Agriculture Plan', 'Description for Educational Outreach Program', '70681', 'NGO', 'Rosario', '2022-03-22 16:00:00', 2022, 469, 7),
(470, 'Sustainable Agriculture Plan', 'Description for Clean Energy Workshop', '15556', 'Community', 'Rosario', '2021-02-01 16:00:00', 2021, 470, 8),
(471, 'Waste Management Initiative', 'Description for Clean Energy Workshop', '59863', 'Community', 'Lipa', '2019-10-04 16:00:00', 2019, 471, 7),
(472, 'Water Conservation Project', 'Description for Recycling Program', '45581', 'Community', 'Pablo Borbon', '2021-05-11 16:00:00', 2021, 472, 5),
(473, 'Sustainable Agriculture Plan', 'Description for Tree Planting Drive', '14565', 'Community', 'Malvar', '2018-03-15 16:00:00', 2018, 473, 1),
(474, 'Community Health Campaign', 'Description for Clean Energy Workshop', '46468', 'Community', 'Pablo Borbon', '2018-07-23 16:00:00', 2018, 474, 15),
(475, 'Community Health Campaign', 'Description for Water Conservation Project', '64391', 'Private', 'Malvar', '2020-01-23 16:00:00', 2020, 475, 3),
(476, 'Youth Skills Training', 'Description for Solar Panel Installation', '17147', 'NGO', 'Rosario', '2018-04-25 16:00:00', 2018, 476, 11),
(477, 'Educational Outreach Program', 'Description for Water Conservation Project', '48373', 'Private', 'Pablo Borbon', '2024-04-01 16:00:00', 2024, 477, 11),
(478, 'Youth Skills Training', 'Description for Youth Skills Training', '24023', 'NGO', 'Nasugbu', '2019-04-23 16:00:00', 2019, 478, 5),
(479, 'Tree Planting Drive', 'Description for Recycling Program', '31441', 'NGO', 'Pablo Borbon', '2022-10-24 16:00:00', 2022, 479, 10),
(480, 'Solar Panel Installation', 'Description for Clean Energy Workshop', '97462', 'Government', 'Lemery', '2024-04-19 16:00:00', 2024, 480, 6),
(481, 'Solar Panel Installation', 'Description for Waste Management Initiative', '11834', 'Government', 'Rosario', '2023-03-31 16:00:00', 2023, 481, 5),
(482, 'Youth Skills Training', 'Description for Community Health Campaign', '34576', 'Government', 'Nasugbu', '2024-11-03 16:00:00', 2024, 482, 9),
(483, 'Recycling Program', 'Description for Tree Planting Drive', '88526', 'Private', 'Nasugbu', '2022-08-15 16:00:00', 2022, 483, 2),
(484, 'Educational Outreach Program', 'Description for Educational Outreach Program', '66659', 'Private', 'Pablo Borbon', '2020-02-22 16:00:00', 2020, 484, 10),
(485, 'Youth Skills Training', 'Description for Clean Energy Workshop', '23639', 'NGO', 'Nasugbu', '2022-08-22 16:00:00', 2022, 485, 1),
(486, 'Recycling Program', 'Description for Educational Outreach Program', '53103', 'Community', 'Alangilan', '2023-02-21 16:00:00', 2023, 486, 8),
(487, 'Community Health Campaign', 'Description for Water Conservation Project', '80227', 'Private', 'Nasugbu', '2021-02-06 16:00:00', 2021, 487, 1),
(488, 'Sustainable Agriculture Plan', 'Description for Community Health Campaign', '94073', 'Government', 'Alangilan', '2020-06-19 16:00:00', 2020, 488, 10),
(489, 'Tree Planting Drive', 'Description for Clean Energy Workshop', '91000', 'Government', 'Lipa', '2018-06-24 16:00:00', 2018, 489, 1),
(490, 'Sustainable Agriculture Plan', 'Description for Community Health Campaign', '17434', 'Community', 'Nasugbu', '2024-11-30 16:00:00', 2024, 490, 17),
(491, 'Community Health Campaign', 'Description for Solar Panel Installation', '40557', 'Private', 'Rosario', '2018-02-08 16:00:00', 2018, 491, 11),
(492, 'Community Health Campaign', 'Description for Tree Planting Drive', '21140', 'Community', 'Nasugbu', '2024-02-02 16:00:00', 2024, 492, 7),
(493, 'Educational Outreach Program', 'Description for Solar Panel Installation', '54385', 'Government', 'Lemery', '2018-02-19 16:00:00', 2018, 493, 14),
(494, 'Waste Management Initiative', 'Description for Youth Skills Training', '16661', 'NGO', 'Rosario', '2021-06-05 16:00:00', 2021, 494, 16),
(495, 'Tree Planting Drive', 'Description for Clean Energy Workshop', '19494', 'NGO', 'Rosario', '2021-05-01 16:00:00', 2021, 495, 1),
(496, 'Community Health Campaign', 'Description for Community Health Campaign', '84017', 'Private', 'Lemery', '2024-02-24 16:00:00', 2024, 496, 13),
(497, 'Educational Outreach Program', 'Description for Youth Skills Training', '83149', 'Government', 'Lipa', '2024-08-01 16:00:00', 2024, 497, 14),
(498, 'Solar Panel Installation', 'Description for Solar Panel Installation', '75273', 'Community', 'Lipa', '2023-10-28 16:00:00', 2023, 498, 3),
(499, 'Youth Skills Training', 'Description for Tree Planting Drive', '30369', 'Community', 'Nasugbu', '2021-05-28 16:00:00', 2021, 499, 3),
(500, 'Tree Planting Drive', 'Description for Tree Planting Drive', '90079', 'Community', 'Pablo Borbon', '2019-02-09 16:00:00', 2019, 500, 6);

-- --------------------------------------------------------

--
-- Table structure for table `tb_sdgs`
--

CREATE TABLE `tb_sdgs` (
  `sdg_ID` int NOT NULL,
  `sdg_number` int NOT NULL,
  `sdg_name` varchar(255) DEFAULT NULL,
  `description` text
) ENGINE=InnoDB DEFAULT CHARSET=utf8mb4 COLLATE=utf8mb4_0900_ai_ci;

--
-- Dumping data for table `tb_sdgs`
--

INSERT INTO `tb_sdgs` (`sdg_ID`, `sdg_number`, `sdg_name`, `description`) VALUES
(1, 1, 'No Poverty', 'End poverty in all its forms everywhere.'),
(2, 2, 'Zero Hunger', 'End hunger, achieve food security and improved nutrition, and promote sustainable agriculture.'),
(3, 3, 'Good Health and Well-being', 'Ensure healthy lives and promote well-being for all at all ages.'),
(4, 4, 'Quality Education', 'Ensure inclusive and equitable quality education and promote lifelong learning opportunities for all.'),
(5, 5, 'Gender Equality', 'Achieve gender equality and empower all women and girls.'),
(6, 6, 'Clean Water and Sanitation', 'Ensure availability and sustainable management of water and sanitation for all.'),
(7, 7, 'Affordable and Clean Energy', 'Ensure access to affordable, reliable, sustainable and modern energy for all.'),
(8, 8, 'Decent Work and Economic Growth', 'Promote sustained, inclusive and sustainable economic growth, full and productive employment and decent work for all.'),
(9, 9, 'Industry, Innovation and Infrastructure', 'Build resilient infrastructure, promote inclusive and sustainable industrialization and foster innovation.'),
(10, 10, 'Reduced Inequality', 'Reduce inequality within and among countries.'),
(11, 11, 'Sustainable Cities and Communities', 'Make cities and human settlements inclusive, safe, resilient and sustainable.'),
(12, 12, 'Responsible Consumption and Production', 'Ensure sustainable consumption and production patterns.'),
(13, 13, 'Climate Action', 'Take urgent action to combat climate change and its impacts.'),
(14, 14, 'Life Below Water', 'Conserve and sustainably use the oceans, seas and marine resources for sustainable development.'),
(15, 15, 'Life on Land', 'Protect, restore and promote sustainable use of terrestrial ecosystems, sustainably manage forests, combat desertification, and halt and reverse land degradation and halt biodiversity loss.'),
(16, 16, 'Peace, Justice and Strong Institutions', 'Promote peaceful and inclusive societies for sustainable development, provide access to justice for all and build effective, accountable and inclusive institutions at all levels.'),
(17, 17, 'Partnerships for the Goals', 'Strengthen the means of implementation and revitalize the global partnership for sustainable development.');

--
-- Indexes for dumped tables
--

--
-- Indexes for table `tb_participation`
--
ALTER TABLE `tb_participation`
  ADD PRIMARY KEY (`participation_id`),
  ADD KEY `sdg_ID` (`sdg_ID`);

--
-- Indexes for table `tb_participation_content`
--
ALTER TABLE `tb_participation_content`
  ADD PRIMARY KEY (`participation_content_id`),
  ADD KEY `participation_id` (`participation_id`),
  ADD KEY `sdg_ID` (`sdg_ID`);

--
-- Indexes for table `tb_sdgs`
--
ALTER TABLE `tb_sdgs`
  ADD PRIMARY KEY (`sdg_ID`);

--
-- Constraints for dumped tables
--

--
-- Constraints for table `tb_participation`
--
ALTER TABLE `tb_participation`
  ADD CONSTRAINT `tb_participation_ibfk_1` FOREIGN KEY (`sdg_ID`) REFERENCES `tb_sdgs` (`sdg_ID`);

--
-- Constraints for table `tb_participation_content`
--
ALTER TABLE `tb_participation_content`
  ADD CONSTRAINT `tb_participation_content_ibfk_1` FOREIGN KEY (`participation_id`) REFERENCES `tb_participation` (`participation_id`),
  ADD CONSTRAINT `tb_participation_content_ibfk_2` FOREIGN KEY (`sdg_ID`) REFERENCES `tb_sdgs` (`sdg_ID`);
COMMIT;

/*!40101 SET CHARACTER_SET_CLIENT=@OLD_CHARACTER_SET_CLIENT */;
/*!40101 SET CHARACTER_SET_RESULTS=@OLD_CHARACTER_SET_RESULTS */;
/*!40101 SET COLLATION_CONNECTION=@OLD_COLLATION_CONNECTION */;
